"Time"	G1	G3	G8	G4	G7	G83	G6	G89	G85	G5	G88	G54	G87	G86	G30	G29	G35	G99	G100	G32	G19	G18	G20	G81	G22	G23	G80	G82	G58	G51

0	0.0267522	0.0367783	0.6724917	0.0606123	0.7414010	0.6213822	0.3137018	0.1642139	0.4927311	0.3889240	0.3881039	0.4487805	0.0883668	0.1386481	0.6157696	0.2901985	0.0591563	0.7086743	0.5883531	0.4712321	0.4695762	0.6732402	0.6343290	0.2140588	0.6812003	0.8365908	0.3474765	0.0102068	0.7456000	0.3575598
50	0.0462929	0.0250431	0.8313627	0.0140654	0.5092136	0.5825278	0.1428523	0.2585350	0.5854711	0.3142645	0.2846275	0.2650724	0.0918211	0.3149182	0.5970678	0.2645800	0.0320760	0.6559012	0.4990199	0.6251651	0.2981314	0.7847316	0.4907068	0.1497129	0.3367754	0.7390965	0.1261627	0.0000089	0.7560013	0.6765271
100	0.0267847	0.0241166	0.6261050	0.0617461	0.4755361	0.5733897	0.0894400	0.1239621	0.4918953	0.3463975	0.4109784	0.1608564	0.1925648	0.3750078	0.6522639	0.2025659	0.0115448	0.7708849	0.5683826	0.6718872	0.2126618	0.7214624	0.5723558	0.1985944	0.2603185	0.8386805	0.1732213	0.0001225	0.6319237	0.5974058
150	0.0468198	0.0362731	0.6243473	0.0805380	0.4662851	0.6603147	0.0673479	0.0297147	0.3331389	0.3237258	0.6424911	0.1961938	0.2961001	0.4166550	0.5165668	0.1833155	0.0072392	0.7242699	0.5266993	0.5618092	0.2822149	0.8755628	0.3875727	0.0877051	0.1226154	0.6279130	0.1439418	0.0021972	0.6651331	0.6872694
200	0.0263615	0.0540034	0.6187869	0.0364259	0.5315035	0.5769974	0.0508968	0.0548754	0.2590929	0.4747389	0.5152387	0.1712197	0.2592388	0.5071881	0.6035105	0.2123083	0.0088838	0.7085321	0.6584146	0.6462855	0.2377986	0.7756251	0.5477583	0.0690914	0.1276812	0.6842753	0.1805131	0.0003721	0.9293362	0.7210580
250	0.0548596	0.0470072	0.6649177	0.0439677	0.5539502	0.6869730	0.0584437	0.0719101	0.1942610	0.4294383	0.5524724	0.1161775	0.3119291	0.5094557	0.6115991	0.2063291	0.0409522	0.6441344	0.7113939	0.7064508	0.2007766	0.7563299	0.4872623	0.0863813	0.1083721	0.6895785	0.1950748	0.0008555	0.8072466	0.5792328
300	0.0430967	0.0303543	0.5914787	0.0669693	0.5545655	0.6336971	0.0887446	0.0334001	0.2155095	0.4692854	0.6426366	0.1049424	0.2975163	0.5221962	0.6378756	0.2566628	0.0266200	0.5759756	0.8394997	0.5612137	0.2064703	0.6853111	0.5717367	0.1298974	0.1069905	0.6972053	0.1944057	0.0005817	0.7086522	0.6041684
350	0.0433268	0.0257236	0.6497577	0.0947743	0.5701906	0.6733324	0.2527324	0.0213041	0.3749741	0.5339349	0.5053745	0.1431314	0.2891576	0.5013565	0.8155721	0.2517438	0.0159581	0.6478210	0.7472785	0.7496985	0.2100941	0.8332999	0.5658603	0.0401665	0.0866834	0.6005402	0.1700546	0.0024190	0.7484525	0.7137696
400	0.0606729	0.0298763	0.6970337	0.0955937	0.5725096	0.6734972	0.1472093	0.0238039	0.2860978	0.3827029	0.4280189	0.1204397	0.3418190	0.4853505	0.6085087	0.2362230	0.0188397	0.5926879	0.7169874	0.6391008	0.2192084	0.5570640	0.4334481	0.0644126	0.1263079	0.7644673	0.1413113	0.0011347	0.8669024	0.6696305
450	0.0466676	0.0370317	0.5018588	0.0412601	0.4641571	0.5330617	0.0708726	0.0235513	0.3187947	0.4570986	0.5153526	0.1838546	0.3994613	0.5464312	0.6451403	0.2464504	0.0133429	0.6455230	0.6466765	0.5533258	0.2645074	0.7514197	0.5776255	0.0843110	0.1191291	0.6545497	0.1122958	0.0004942	0.7593979	0.8125432
500	0.0283108	0.0496214	0.6570957	0.0885949	0.4990465	0.6523107	0.0645398	0.0477724	0.2539111	0.4157762	0.4130364	0.1773157	0.4156319	0.4702861	0.5544660	0.1854531	0.0153741	0.7163227	0.7329636	0.7706058	0.2602730	0.6749387	0.5147267	0.0280379	0.0677196	0.7217672	0.1492924	0.0019781	0.7226478	0.6133074
550	0.0416135	0.0354489	0.6460507	0.0656231	0.7522307	0.6862872	0.3631832	0.0362178	0.3334102	0.4861783	0.4892656	0.3223654	0.2183357	0.2765173	0.6383551	0.2822160	0.1442982	0.4930190	0.6844114	0.5828411	0.4787282	0.6613849	0.5005235	0.0840171	0.4539336	0.6141816	0.2562463	0.0069015	0.6997995	0.1799094
600	0.0294322	0.0327522	0.7193710	0.0524314	0.6793486	0.6669934	0.2880690	0.0774458	0.4915243	0.3561805	0.3288543	0.2793237	0.1430043	0.2249105	0.5892066	0.2652538	0.0787607	0.4400957	0.7065800	0.6205712	0.3987042	0.6585194	0.4805736	0.1076967	0.6328474	0.6775544	0.2667532	0.0103575	0.6901170	0.1806289
650	0.0208734	0.0349551	0.6929944	0.0432282	0.6796870	0.7712683	0.2670458	0.1358838	0.4626770	0.3190948	0.4990055	0.3624141	0.0894265	0.1787106	0.5529602	0.2489437	0.0947938	0.6625230	0.5206464	0.5624455	0.4873801	0.7103557	0.5853180	0.1318300	0.6602572	0.6825425	0.2581001	0.0084151	0.8071963	0.1897882
700	0.0268813	0.0538635	0.6962513	0.0331512	0.6372976	0.7361773	0.3621502	0.1377560	0.4538074	0.3346526	0.4936134	0.5021954	0.0998201	0.1293503	0.5468935	0.3069795	0.0486021	0.5988076	0.6189233	0.5651159	0.4872460	0.7964342	0.5001481	0.1436924	0.7368502	0.6900084	0.3254635	0.0125519	0.7741121	0.2384893
750	0.1144850	0.0435692	0.5512982	0.0499239	0.7064917	0.6112848	0.5353468	0.2343161	0.5065825	0.3833130	0.2555933	0.3820414	0.1171983	0.0556682	0.7046549	0.2961189	0.0426522	0.6564850	0.6009955	0.6685437	0.5071978	0.7264224	0.5098529	0.1795173	0.7627631	0.6973966	0.3784620	0.0091795	0.7294553	0.3339363
800	0.0165587	0.0244108	0.8039809	0.0569783	0.6760269	0.5713348	0.4276685	0.2500476	0.6281365	0.4039121	0.2713085	0.3242722	0.1301135	0.1123469	0.6372111	0.3004090	0.0652269	0.5725064	0.4700248	0.5521685	0.3933534	0.6649975	0.6234076	0.1651381	0.6934192	0.7424002	0.3119992	0.0096861	0.6816368	0.2116125
850	0.0485566	0.0687939	0.6698166	0.0782546	0.5713897	0.6171250	0.3002976	0.2313928	0.5198635	0.3419357	0.2915831	0.3373960	0.1291102	0.0931630	0.6540355	0.3526236	0.0395370	0.5042014	0.5988650	0.5565484	0.5132155	0.6694607	0.5177571	0.1632382	0.7238932	0.8194508	0.2958193	0.0029856	0.7449665	0.2012617
900	0.0333551	0.0120550	0.6747866	0.0606030	0.6997764	0.5077651	0.5392914	0.2444245	0.7065863	0.3882123	0.2844242	0.3109984	0.1442096	0.1053857	0.5857308	0.3947453	0.0399263	0.5529352	0.5285788	0.5328924	0.3670966	0.6616008	0.5232350	0.1781399	0.8213615	0.7532468	0.2789917	0.0104990	0.8570140	0.2099573
950	0.0231947	0.0222598	0.7366692	0.0637467	0.5890115	0.5292627	0.5707133	0.1613877	0.5239486	0.4081182	0.2612835	0.4057684	0.1986899	0.0857609	0.4977983	0.3376897	0.0685066	0.5631880	0.5466368	0.5151551	0.4497466	0.7696999	0.5837963	0.1448660	0.6032875	0.6969734	0.2643227	0.0024144	0.7493015	0.2315754
1000	0.0404906	0.0339297	0.7005038	0.0531630	0.6962754	0.4870889	0.3693646	0.1555491	0.6127894	0.3913360	0.2733614	0.3945126	0.1431311	0.1711214	0.4614712	0.3903501	0.0691052	0.6485748	0.6077985	0.4778224	0.4682942	0.8331337	0.5795038	0.1442369	0.7138615	0.7217864	0.2560758	0.0078006	0.8251636	0.2441146

0	0.0536466	0.0279901	0.7538726	0.0603344	0.6516655	0.6341542	0.2996691	0.1510574	0.5563624	0.3667798	0.3520031	0.3987553	0.1270374	0.0860234	0.5070697	0.4523069	0.0519514	0.6471344	0.5636203	0.5250731	0.4802501	0.6642469	0.6224746	0.1918171	0.7203955	0.9891581	0.2812121	0.0181706	0.6714393	0.2995240
50	0.0606846	0.0641045	0.6300341	0.0518461	0.3056775	0.6841613	0.1137255	0.1067456	0.5179631	0.3658377	0.3818182	0.2023170	0.1357680	0.3914804	0.1000977	0.3976296	0.0522577	0.5805892	0.7789684	0.1962337	0.5115176	0.8741362	0.4765351	0.5689000	0.7363273	0.6671093	0.3289208	0.0101759	0.9021167	0.1189600
100	0.0198056	0.0448497	0.6584701	0.0616651	0.1309437	0.6960107	0.0920926	0.1007793	0.3712294	0.2544650	0.5185091	0.2439093	0.1686639	0.5553235	0.0284752	0.3364071	0.0312121	0.4733036	0.6899584	0.1440042	0.5333655	0.8009851	0.4908904	0.6752398	0.6644517	0.8270541	0.2923251	0.0024876	0.7854613	0.1320423
150	0.0609487	0.0725502	0.6925281	0.0631509	0.0639561	0.7845880	0.1106594	0.0603048	0.4208241	0.3641668	0.4465367	0.3502370	0.2157813	0.5993134	0.0235333	0.3226802	0.0680013	0.4450734	0.6753838	0.1003281	0.7733847	0.6629491	0.5422599	0.7999076	0.6584527	0.7307999	0.3126712	0.0044453	0.7428955	0.0827239
200	0.0306058	0.0714200	0.5734554	0.0762827	0.0921149	0.6999481	0.1950360	0.0758850	0.3260055	0.2872046	0.5141198	0.2913806	0.0762394	0.6187450	0.0190202	0.3640089	0.0636197	0.5126110	0.5462225	0.1311825	0.6473406	0.8359101	0.4694672	0.7516902	0.7887109	0.7732735	0.3581848	0.0112479	0.7125249	0.1298227
250	0.0333930	0.0217236	0.6534398	0.0947751	0.0559452	0.5544892	0.2845500	0.1481768	0.4913758	0.3271391	0.4515626	0.4215895	0.0611897	0.6192605	0.0185482	0.2785512	0.0515277	0.6077923	0.4672306	0.0503683	0.7347256	0.7941967	0.6992501	0.6455517	0.8700307	0.7626135	0.2808618	0.0036043	0.6890388	0.2164705
300	0.0159638	0.0334382	0.6695436	0.0387662	0.0594544	0.6530514	0.1882725	0.1264701	0.5551011	0.2980438	0.3351782	0.3798874	0.0701331	0.5873061	0.0260244	0.3690466	0.0480966	0.6999702	0.5771075	0.0435970	0.6593617	0.6115273	0.6102629	0.6679450	0.7942273	0.6815216	0.3038029	0.0130256	0.9047048	0.2190002
350	0.0507250	0.0241276	0.6466572	0.0355211	0.0582013	0.6747608	0.3369707	0.1866992	0.5094478	0.3354000	0.3682464	0.3335323	0.1011887	0.6126063	0.0304509	0.2656819	0.0754003	0.6351350	0.5416700	0.1086396	0.8077015	0.8051319	0.4417124	0.8495983	0.6745390	0.8738128	0.2274811	0.0151519	0.8876651	0.2906293
400	0.0763888	0.0386008	0.7657067	0.0250211	0.0494774	0.5337389	0.2354754	0.2062712	0.4260351	0.3697991	0.3370994	0.4401122	0.0804998	0.6528980	0.0129674	0.2866967	0.0256460	0.8286389	0.4530711	0.0899693	0.7306516	0.8435448	0.5414283	0.8091663	0.7219411	0.6477252	0.3406643	0.0102310	0.7295460	0.2898493
450	0.0581973	0.0377088	0.5851928	0.0641481	0.0550383	0.8043755	0.3706025	0.1270617	0.4545833	0.4178439	0.3946713	0.2628319	0.0655457	0.6047423	0.0289648	0.2757093	0.0627859	0.4674456	0.7087398	0.0704950	0.6494192	0.7882713	0.5638535	0.6456884	0.6935258	0.7119383	0.3035894	0.0132759	0.6174817	0.2287542
500	0.0603217	0.0352011	0.6800302	0.0689835	0.0578467	0.6355854	0.3012339	0.0667796	0.5639361	0.3963016	0.3392783	0.3185413	0.0858504	0.6959915	0.0776819	0.2653544	0.0576502	0.6060957	0.6314057	0.0955505	0.7417951	0.8435500	0.5948537	0.6800198	0.5593332	0.5992888	0.4334519	0.0082506	0.6264811	0.1581698
550	0.0332215	0.0685826	0.6944594	0.0612856	0.3760951	0.5776187	0.4560001	0.1408878	0.5708343	0.3135607	0.2382543	0.7276219	0.1332108	0.3642995	0.4216782	0.2733981	0.0444130	0.6088164	0.6637240	0.5574955	0.6589470	0.7543383	0.6563380	0.4325357	0.6629340	0.6935673	0.3879894	0.0120660	0.8661252	0.3196433
600	0.0552487	0.0447309	0.7221657	0.0445844	0.6539833	0.6861668	0.6020794	0.3488586	0.5255046	0.3456176	0.2784339	0.4353651	0.1019632	0.1288826	0.6699197	0.2732779	0.0398940	0.7242866	0.4726860	0.5779331	0.5144997	0.8228142	0.5718443	0.3655112	0.7550803	0.7095385	0.4023594	0.0094809	0.7392483	0.5687781
650	0.0206151	0.0534776	0.6161489	0.0335805	0.5903293	0.4898400	0.4814096	0.3101099	0.5562357	0.3772192	0.2852289	0.4726404	0.1009137	0.0687191	0.4727614	0.2222663	0.0776905	0.8022891	0.5164943	0.6308231	0.5232598	0.7739430	0.5920465	0.2807391	0.6856986	0.7455752	0.4773901	0.0332876	0.6794499	0.5227440
700	0.0218090	0.0400780	0.6124591	0.0614083	0.7112093	0.5198670	0.2698894	0.4302594	0.5670622	0.3868859	0.3363597	0.4204003	0.1173121	0.1123560	0.6166848	0.2919101	0.0518887	0.6865079	0.4776331	0.5611953	0.5477134	0.6972627	0.5045543	0.3018913	0.6158998	0.6558019	0.4132250	0.0206324	0.6186264	0.5442448
750	0.0452119	0.0471305	0.4911813	0.0798240	0.7111232	0.5270790	0.2922118	0.2343904	0.5254248	0.3692108	0.2875890	0.3731417	0.0798716	0.1205685	0.7253737	0.3259457	0.0939775	0.6336580	0.5380523	0.5270439	0.6628481	0.7809224	0.6025258	0.2507250	0.6133043	0.9353437	0.3899684	0.0093425	0.7834228	0.3323518
800	0.0169495	0.0306202	0.6874168	0.0945048	0.6369872	0.5639257	0.3709989	0.2588824	0.5529081	0.3653843	0.2942841	0.3864697	0.0799249	0.0745167	0.6539609	0.2793178	0.0456879	0.6847314	0.6815689	0.5633112	0.4127381	0.7683427	0.5527294	0.2220490	0.6749111	0.7916440	0.2960786	0.0110339	0.7604422	0.3461384
850	0.0163584	0.0329504	0.6674306	0.0410945	0.6625251	0.6064325	0.4975504	0.2428110	0.4450800	0.3490706	0.3009392	0.3791746	0.0614721	0.1106998	0.6078223	0.3444710	0.0976129	0.5374967	0.7750467	0.4600708	0.6092038	0.7303551	0.6144153	0.1592340	0.7066690	0.8674021	0.3918032	0.0156647	0.7155076	0.3117606
900	0.0834743	0.0174385	0.6491266	0.0482121	0.6710809	0.4935895	0.2871323	0.1280079	0.4977205	0.3200007	0.3787216	0.4114068	0.1749943	0.0442180	0.5348179	0.4521452	0.0407668	0.5954312	0.6046530	0.4715399	0.5353493	0.7036030	0.4780428	0.1512762	0.7414742	0.7652503	0.4029461	0.0077389	0.6768496	0.3265134
950	0.0453847	0.0441797	0.7702303	0.0434446	0.5030677	0.6261918	0.1758881	0.2118386	0.5374550	0.3194366	0.4181656	0.4861156	0.0583969	0.0620534	0.5765218	0.3473755	0.0624612	0.5407814	0.6398696	0.6166989	0.5162024	0.7307201	0.5482222	0.2231061	0.6234697	0.8109817	0.3045275	0.0035023	0.6865931	0.3385718
1000	0.0313961	0.0345427	0.7074727	0.0759316	0.6200749	0.6027751	0.2649098	0.2375841	0.3604369	0.2840632	0.5752711	0.4217368	0.0631184	0.0941093	0.6601901	0.1813069	0.0727093	0.5296339	0.5702721	0.5335968	0.5077427	0.6245115	0.5927725	0.2039798	0.6877397	0.9064838	0.3415661	0.0032184	0.6854412	0.2795576

0	0.0370825	0.0396220	0.7320852	0.0537414	0.6084753	0.6578126	0.3062836	0.2315029	0.5788586	0.4577729	0.4336256	0.4087606	0.1338433	0.1069561	0.5537623	0.5203927	0.0441816	0.5511246	0.6364002	0.6068765	0.4809160	0.6786835	0.5697833	0.1709423	0.7620864	0.7328357	0.3070451	0.0175142	0.7625640	0.2613375
50	0.0171393	0.0103693	0.7196269	0.0548540	0.2341159	0.6464105	0.2975450	0.2452408	0.5702843	0.3441268	0.0962012	0.4887946	0.0570960	0.1225570	0.5421640	0.3868941	0.0412779	0.6783766	0.6999728	0.3807176	0.5934826	0.9117551	0.6703548	0.3062724	0.7182169	0.7811838	0.2809620	0.0041878	0.7087953	0.4433947
100	0.0148373	0.0490739	0.6626033	0.0589018	0.1083071	0.5339387	0.2321559	0.3741213	0.5332579	0.2074040	0.0879066	0.4830418	0.1135713	0.0733697	0.5659704	0.2432774	0.0410709	0.6429051	0.4379172	0.5426609	0.6092264	0.8534732	0.5653587	0.3727565	0.6115707	0.6779464	0.3077044	0.0178923	0.8287072	0.4243140
150	0.0241234	0.0264243	0.6916823	0.0913581	0.0419394	0.6139441	0.2841180	0.3141499	0.4719995	0.2464410	0.1370289	0.3820250	0.0860271	0.0671026	0.7972044	0.3240127	0.0340553	0.6967849	0.4822742	0.4246524	0.5960274	0.7702967	0.7655983	0.4271556	0.6814487	0.6380312	0.2772369	0.0189725	0.7794829	0.5301326
200	0.0338371	0.0591944	0.8091616	0.0758170	0.0343708	0.6635530	0.1962134	0.3397798	0.4832945	0.2586430	0.1207803	0.5859103	0.0632553	0.0548042	0.6467870	0.2688098	0.0428212	0.6912169	0.4756762	0.3968603	0.5962112	0.6166083	0.7091170	0.4077041	0.6558949	0.8473190	0.4098480	0.0137761	0.7520018	0.5647555
250	0.0782368	0.0205736	0.6511647	0.0681529	0.0374454	0.8255968	0.1319808	0.4477695	0.3889836	0.2319942	0.1535346	0.6962551	0.0395810	0.0309723	0.6839525	0.2382526	0.0553861	0.6318082	0.4106163	0.3001322	0.5767836	0.5854039	0.7306578	0.5585888	0.6968456	0.8667030	0.2815121	0.0133285	0.7954031	0.4326831
300	0.0230347	0.0167592	0.6318104	0.0454193	0.0573315	0.6666329	0.0817324	0.4274602	0.3956788	0.1690161	0.1765618	0.5262034	0.0280898	0.0371248	0.6422451	0.2371455	0.0577375	0.9464788	0.4657162	0.4567488	0.4458363	0.7206820	0.6817287	0.3421776	0.5771117	0.7513394	0.3169764	0.0127060	0.6376276	0.5581657
350	0.0819294	0.0337793	0.6559732	0.0665833	0.0709870	0.6377252	0.0522047	0.4001772	0.2570315	0.1548859	0.1673903	0.5990684	0.0014888	0.0507178	0.6267606	0.2702563	0.0705238	0.6752920	0.5319642	0.4800463	0.5996975	0.7223199	0.6675876	0.4784569	0.6578677	0.7707137	0.3904592	0.0122145	0.6508424	0.5059047
400	0.0512802	0.0365579	0.7250750	0.0820257	0.0544225	0.7809582	0.1746504	0.4295691	0.2194872	0.2447299	0.1752032	0.4397164	0.0075798	0.0519713	0.7124064	0.1940471	0.0462931	0.6712475	0.4637611	0.4479995	0.5338048	0.6003124	0.5682702	0.4822346	0.6012138	0.6661045	0.3656958	0.0159612	0.7231284	0.5946777
450	0.0349039	0.0359408	0.6458303	0.0529213	0.0375160	0.8338644	0.1904221	0.3202245	0.2091676	0.1788332	0.2583206	0.5395466	0.0114887	0.1046114	0.5996489	0.3115026	0.0501649	0.6407269	0.4212270	0.4895398	0.5585965	0.7153933	0.7408127	0.4627505	0.7634701	0.6915091	0.3436866	0.0070379	0.7398094	0.4389829
500	0.0278888	0.0251107	0.6617229	0.0950011	0.0339408	0.7852243	0.0971466	0.3832275	0.2371238	0.1960828	0.2073915	0.4599830	0.0076721	0.0653572	0.5970655	0.3074062	0.0970014	0.5619608	0.5459304	0.4540083	0.6330237	0.7253148	0.8641238	0.3100403	0.7760065	0.6568738	0.3224281	0.0067475	0.6249065	0.5320567
550	0.0395946	0.0415654	0.5822708	0.0364017	0.3817576	0.6754478	0.1564984	0.3859673	0.2660469	0.2659678	0.4165088	0.4192302	0.0103442	0.0588489	0.6698054	0.1885131	0.0504889	0.6839658	0.5813627	0.5139100	0.5310301	0.6972455	0.5487280	0.3289765	0.6797775	0.6603980	0.3409726	0.0282059	0.6996126	0.5347920
600	0.0402937	0.0257636	0.7638720	0.0570689	0.5027297	0.6557581	0.1344251	0.3026169	0.2341123	0.4389506	0.3836049	0.3505611	0.0154719	0.0497344	0.6288070	0.2194467	0.0603113	0.5425201	0.4216094	0.6658057	0.4945727	0.6570921	0.4859398	0.2893247	0.6840615	0.7406580	0.3680758	0.0104974	0.6974236	0.4758411
650	0.0496615	0.0457469	0.6847808	0.0548646	0.5538356	0.7121104	0.2114471	0.2042018	0.4407444	0.2961518	0.4859230	0.2788268	0.0717399	0.0948273	0.6770080	0.2213621	0.0942872	0.6434532	0.5738408	0.6658964	0.4792405	0.7665176	0.5173392	0.2595376	0.6876004	0.6760760	0.4375646	0.0275006	0.7197451	0.3728439
700	0.0792763	0.0177405	0.6403555	0.0454371	0.6226563	0.7677272	0.1698292	0.1886460	0.3690574	0.2920659	0.4791056	0.2374566	0.0572606	0.0717715	0.6289919	0.1953330	0.0447359	0.6332152	0.5277174	0.6367187	0.4524047	0.7848638	0.4784979	0.2176628	0.6952844	0.7297421	0.3508966	0.0221194	0.7177172	0.1977830
750	0.0446415	0.0470739	0.7400731	0.0624167	0.5868528	0.6402018	0.0989224	0.1662235	0.3637351	0.2704101	0.4097677	0.3654853	0.0721801	0.1386643	0.6714512	0.3809387	0.0647366	0.6875726	0.7153502	0.4508344	0.3936527	0.7492899	0.5439946	0.1769671	0.7013423	0.6669566	0.3150507	0.0289809	0.8537595	0.1506192
800	0.0279913	0.0260276	0.6918009	0.0592769	0.6823211	0.5843543	0.2649377	0.1781929	0.4407036	0.2770517	0.5215010	0.3749285	0.0459154	0.1077019	0.6717631	0.3234084	0.0407513	0.6006834	0.5970158	0.5714603	0.4637344	0.6194731	0.6297798	0.1854186	0.8663642	0.7814157	0.3352198	0.0275201	0.8454133	0.2692680
850	0.0302985	0.0223128	0.7379118	0.1237713	0.7174773	0.6140011	0.4498717	0.1835556	0.3313259	0.3418023	0.3784914	0.3815649	0.0450946	0.0488328	0.6552703	0.2951622	0.0344280	0.7404726	0.4999596	0.5376693	0.5523609	0.8147234	0.6189036	0.1394392	0.8297069	0.7092588	0.2982426	0.0146048	0.8217868	0.2701341
900	0.0364666	0.0258686	0.6011109	0.0696065	0.6284432	0.6579638	0.5858685	0.2038074	0.4208159	0.4514070	0.2462063	0.4204382	0.1216870	0.1015052	0.6578675	0.3494094	0.0714749	0.4885520	0.4936275	0.5213622	0.4648514	0.7151821	0.5576305	0.2107642	0.6001127	0.5425480	0.3881154	0.0065471	0.7592446	0.3012383
950	0.0277059	0.0480078	0.6344470	0.0906433	0.6627379	0.4925645	0.4680038	0.2628742	0.6391797	0.3951682	0.2962430	0.4243217	0.1206183	0.1058573	0.5886912	0.3122590	0.0376362	0.6944870	0.5309713	0.6556307	0.5202952	0.7102925	0.5399609	0.1857868	0.6824552	0.7172634	0.3257767	0.0264551	0.9019850	0.3309410
1000	0.0433022	0.0489211	0.7067518	0.0530517	0.6476447	0.6872257	0.4191657	0.1369587	0.6616792	0.4777663	0.3265912	0.2668824	0.1738895	0.1258633	0.5271494	0.4482987	0.0482919	0.5422695	0.4694634	0.6838564	0.4271214	0.7061362	0.5593573	0.1512761	0.8902723	0.7674620	0.5359459	0.0075059	0.9003892	0.2420148

0	0.0388847	0.0291518	0.7999458	0.0608928	0.7072823	0.7202487	0.3649406	0.1639284	0.5755244	0.3420240	0.4090607	0.3958243	0.1353461	0.0652947	0.6420144	0.3137098	0.0605521	0.6560096	0.5360799	0.4992560	0.5038963	0.7345116	0.5490940	0.1546227	0.8050940	0.7849816	0.3726815	0.0133895	0.7617941	0.2690882
50	0.0002008	0.0232920	0.7220890	0.0429942	0.6863006	0.5923829	0.5746205	0.2668598	0.4711120	0.3778544	0.3872992	0.4154961	0.1316761	0.0417065	0.5845382	0.3757414	0.0494443	0.6466527	0.5354967	0.5396962	0.6232046	0.7214270	0.5102414	0.3449766	0.6966757	0.5931206	0.3535825	0.0069703	0.6373947	0.5631391
100	0.0001470	0.0606702	0.8790184	0.0620047	0.7444940	0.5036284	0.7201020	0.2519069	0.7510479	0.4366044	0.2372104	0.5010894	0.1388287	0.0794448	0.5510967	0.3778772	0.0715909	0.6313910	0.6368659	0.4953676	0.6155697	0.8031972	0.5226814	0.2718865	0.6072642	0.7316535	0.3584107	0.0056275	0.7107731	0.4969719
150	0.0011397	0.0264895	0.7228990	0.0300875	0.7580407	0.5441400	0.8693332	0.2989419	0.5410941	0.4798618	0.2086343	0.4639329	0.1469856	0.0862565	0.4973363	0.4227670	0.0920991	0.6879360	0.4290198	0.4926257	0.7403874	0.8016225	0.6490371	0.3420984	0.6634626	0.6529767	0.4751726	0.0045970	0.7342389	0.6197148
200	0.0021851	0.0408259	0.6755440	0.0340502	0.7992090	0.3339045	0.7492398	0.2451667	0.7117669	0.5639503	0.1612300	0.3591138	0.1833567	0.0573318	0.5016715	0.4565251	0.1089894	0.6223792	0.6241098	0.3943026	0.6984421	0.7125233	0.6288254	0.3412281	0.6674100	0.6451658	0.4248205	0.0088873	0.7448118	0.7295011
250	0.0006770	0.0170658	0.5700043	0.0446152	0.8317448	0.3795967	0.7658486	0.2887888	0.7541030	0.5245107	0.2985551	0.4900284	0.1952126	0.0460005	0.4602753	0.4814937	0.0660199	0.6386652	0.5701829	0.5788560	0.7020623	0.7430799	0.6167290	0.2515151	0.6891993	0.6981815	0.3332462	0.0176534	0.8315233	0.8322039
300	0.0056897	0.0082852	0.5858649	0.0598834	0.7472833	0.3391679	0.7694293	0.3868541	0.7493218	0.5103284	0.1825155	0.4443313	0.2067876	0.0611966	0.5887026	0.4008944	0.0496742	0.6183833	0.4634708	0.3757324	0.6623866	0.7165314	0.5317250	0.3141971	0.7072930	0.6934374	0.3431475	0.0067680	0.7493171	0.6579786
350	0.0004302	0.0173533	0.6766222	0.0329108	0.6639230	0.3499662	0.6810009	0.4643552	0.6710933	0.4146099	0.1817057	0.5413833	0.1978585	0.0294405	0.4625252	0.4079767	0.0530195	0.6668301	0.5049488	0.4314912	0.6626900	0.8877867	0.5413274	0.3385629	0.6751229	0.8067447	0.3806236	0.0066662	0.7700519	0.7958717
400	0.0002670	0.0589462	0.7642212	0.0713319	0.7698966	0.2720226	0.7368049	0.3577120	0.7110980	0.4567529	0.1611627	0.4677304	0.2014827	0.0662522	0.4431643	0.4179825	0.1012724	0.7787896	0.6589226	0.5000513	0.7183176	0.7013942	0.4891265	0.3643982	0.7849984	0.7506532	0.3966930	0.0005204	0.9334829	0.6853584
450	0.0001520	0.0614183	0.6196371	0.0710570	0.7282082	0.3517634	0.6933400	0.3033610	0.6460614	0.5739125	0.2021870	0.4384821	0.1954421	0.0623790	0.4573019	0.4106664	0.0980806	0.6709576	0.4556815	0.5450542	0.6629362	0.7923523	0.4975409	0.2605588	0.8100437	0.6505867	0.3312217	0.0098012	0.7375757	0.7021746
500	0.0002870	0.0118891	0.5857807	0.0278508	0.6999276	0.3334524	0.7231690	0.3707866	0.5859126	0.4819173	0.1698685	0.4956862	0.2618962	0.0904334	0.3941576	0.5186852	0.0645314	0.6342754	0.4277539	0.3847914	0.7044925	0.7645630	0.5128378	0.2986448	0.6437949	0.8537505	0.4227737	0.0054138	0.7827233	0.5281780
550	0.0488160	0.0168570	0.6812897	0.0602469	0.8104478	0.2829925	0.8152694	0.2467008	0.6338255	0.4561228	0.1667535	0.4925826	0.2581592	0.0769876	0.4533951	0.4228004	0.1077653	0.6757666	0.4634174	0.4957338	0.5987706	0.6662312	0.4715139	0.2450543	0.7464809	0.6776262	0.4011842	0.0011140	0.6800005	0.4872769
600	0.0172184	0.0311102	0.6521445	0.0730663	0.7188724	0.3292421	0.6219807	0.3397463	0.6363733	0.4892076	0.2045673	0.6472196	0.2235630	0.0528981	0.4574017	0.4513011	0.0583477	0.5635460	0.3357037	0.4735746	0.5351245	0.7484354	0.5312447	0.2789726	0.7140287	0.5855199	0.4193323	0.0260498	0.7727834	0.4516866
650	0.0231961	0.0614933	0.8230115	0.0359209	0.7250104	0.3912191	0.7450625	0.4949937	0.6792942	0.4191083	0.1683764	0.5218814	0.2548872	0.0473548	0.5869157	0.3444715	0.0881796	0.7277545	0.3827074	0.5881293	0.5576891	0.6394684	0.4986017	0.3899654	0.7925852	0.6243925	0.3683755	0.0046439	0.7146408	0.5086965
700	0.0532042	0.0875441	0.7850750	0.0431564	0.6655459	0.5094502	0.4930432	0.4463309	0.6035666	0.3477264	0.1766669	0.5458369	0.2044548	0.0369453	0.5851987	0.4471620	0.0713681	0.6719270	0.4328612	0.5185121	0.5576968	0.7771808	0.5520430	0.4241508	0.7660918	0.7735377	0.3892811	0.0211295	0.6747205	0.5498394
750	0.0783328	0.0368578	0.5959300	0.1298214	0.9096535	0.4484247	0.3007078	0.4157837	0.6170398	0.3768852	0.2475418	0.3558487	0.1728221	0.0658342	0.4865677	0.3716468	0.0574301	0.5847611	0.4172713	0.5329088	0.5309601	0.6808463	0.6260658	0.3848540	0.6488331	0.6218521	0.3692623	0.0039718	0.6606657	0.3715545
800	0.0308034	0.0244932	0.5494103	0.0654475	0.5944191	0.5639499	0.2619950	0.4196466	0.5613988	0.3556389	0.3040104	0.4507613	0.1034800	0.0743059	0.5272146	0.3372508	0.0436860	0.6437158	0.5285992	0.4562721	0.5312606	0.6155370	0.5211871	0.2950431	0.6672867	0.7910576	0.4560162	0.0049945	0.7133609	0.3626229
850	0.0319353	0.0347887	0.6921320	0.0682524	0.6875999	0.6250576	0.3829450	0.2894164	0.5903367	0.3407518	0.2896899	0.3768527	0.0988200	0.0878254	0.6296536	0.3359405	0.0321531	0.6536554	0.4924492	0.5181061	0.4348128	0.6495077	0.6050894	0.2199595	0.6775736	0.7795983	0.3062352	0.0084546	0.6960599	0.3741196
900	0.0640404	0.0297013	0.6113786	0.0673103	0.7490747	0.6658286	0.5094994	0.2097094	0.6083105	0.3943409	0.2561500	0.3703311	0.1629535	0.0685958	0.5545264	0.3071538	0.0910717	0.6291545	0.5900651	0.4963990	0.4293506	0.8141015	0.5358287	0.2913802	0.6448510	0.6579173	0.4415975	0.0161641	0.7579379	0.3027795
950	0.0288382	0.0272502	0.7310390	0.0385959	0.6388343	0.6062345	0.3888053	0.2105137	0.6083440	0.3767615	0.3402499	0.3600187	0.1216776	0.1400833	0.5563731	0.4271333	0.0710047	0.5988623	0.5402071	0.6172358	0.4041187	0.7625753	0.5881170	0.2443243	0.7448699	0.9324958	0.3253881	0.0088788	0.8208361	0.1701942
1000	0.0296126	0.0124945	0.6827601	0.0788387	0.7313157	0.5492086	0.5071698	0.1670746	0.6215889	0.4114763	0.3286580	0.3696399	0.1015916	0.1386146	0.4437288	0.3619523	0.0631860	0.5988325	0.6501037	0.5853712	0.5631525	0.7260691	0.4523107	0.2212595	0.8262281	0.7436397	0.3041601	0.0047067	0.6779376	0.2722810

0	0.0325062	0.0555231	0.7050453	0.0491259	0.7150427	0.7728579	0.3378107	0.1458020	0.5777445	0.3373327	0.3596958	0.3819325	0.1256844	0.1042737	0.6105010	0.3850710	0.0326351	0.5512594	0.6123304	0.6911711	0.4421441	0.7692831	0.6160955	0.1960585	0.7545388	0.8183340	0.3583137	0.0111649	0.6911421	0.3131060
50	0.0225630	0.0303796	0.6496867	0.1072769	0.6851078	0.4479193	0.6426196	0.2215885	0.6023671	0.4505200	0.2397732	0.1467997	0.2191496	0.1845019	0.1255677	0.3809094	0.0551769	0.6764940	0.5780186	0.5065468	0.4683297	0.5020454	0.6031108	0.4196387	0.6505864	0.7267695	0.2481746	0.0275190	0.8458652	0.2637488
100	0.0600382	0.0314754	0.4940638	0.0708458	0.6395035	0.4147657	0.3022291	0.0623506	0.5388791	0.3140594	0.2421323	0.0850001	0.4838209	0.3856697	0.0119879	0.4832324	0.0705424	0.6494836	0.5390281	0.4216548	0.4884670	0.4634453	0.4056807	0.3825563	0.6209923	0.7537668	0.2372466	0.0147532	0.6561829	0.0944615
150	0.0768428	0.1284871	0.4244160	0.0691849	0.4527474	0.4996418	0.1795877	0.0794883	0.7011368	0.1933832	0.3762464	0.0672400	0.4299857	0.3839715	0.0042829	0.5534332	0.0938972	0.6134010	0.8120123	0.4894581	0.4337599	0.3559064	0.3620778	0.4330216	0.7987723	0.6213409	0.4027142	0.0077422	0.7419796	0.0279673
200	0.0883463	0.0733769	0.3852825	0.0511170	0.4528023	0.5875987	0.0678258	0.0600337	0.4776903	0.2868818	0.4033967	0.0213268	0.3632483	0.4311405	0.0038769	0.3972787	0.2255349	0.5272213	0.7941243	0.3928791	0.4151849	0.3611016	0.4016309	0.3350782	0.7131480	0.7058049	0.3555527	0.0118445	0.7091314	0.0140535
250	0.0904195	0.0677500	0.4063129	0.0371552	0.5128167	0.6413238	0.0553340	0.0248974	0.4659432	0.2427317	0.5476062	0.0274537	0.2544367	0.4744021	0.0040572	0.4394781	0.2549365	0.5647352	0.6689910	0.3900094	0.4052639	0.3240077	0.3726457	0.3262624	0.9285762	0.8327565	0.2206571	0.0156355	0.7196985	0.0228139
300	0.1044099	0.1767156	0.4111556	0.0427950	0.3454366	0.7065829	0.0638349	0.0274775	0.4062816	0.1813979	0.5431498	0.0656384	0.3100764	0.4250500	0.0036848	0.3694706	0.2459956	0.4567851	0.6308912	0.5418953	0.3487526	0.3563516	0.3675126	0.3352154	0.7758684	0.6773398	0.2370944	0.0115808	0.7704776	0.0364366
350	0.1193125	0.1949455	0.3688204	0.0622263	0.2745867	0.7306642	0.0670597	0.0484926	0.3389955	0.2219459	0.6107126	0.0599762	0.3651861	0.3635309	0.0054935	0.4109000	0.3715019	0.5000348	0.8216408	0.5246941	0.4880245	0.3741896	0.2725255	0.3730830	0.6616174	0.7546943	0.1888640	0.0063680	0.7360823	0.0135448
400	0.1400188	0.0775447	0.3689235	0.0854302	0.3115621	0.7449624	0.0369846	0.0505449	0.2600040	0.2512584	0.6920042	0.0321222	0.2988150	0.4882367	0.0087894	0.3975250	0.2783321	0.4653714	0.7061264	0.5288983	0.4110838	0.3121169	0.4210779	0.3862904	0.7492627	0.6491523	0.2945047	0.0019499	0.7657726	0.0132721
450	0.1251523	0.2204645	0.3242816	0.0531618	0.2064364	0.7066192	0.0865161	0.0281016	0.3063035	0.2408655	0.5212085	0.0513262	0.3230097	0.3867051	0.0073411	0.3830476	0.2952376	0.4508425	0.7548261	0.5737082	0.4715987	0.4035849	0.2698261	0.4007377	0.7263319	0.6410921	0.2908375	0.0106536	0.6036314	0.0250185
500	0.1647088	0.2391104	0.4516263	0.0586489	0.1995489	0.6696265	0.0723816	0.0301813	0.3959942	0.2227705	0.7340736	0.0505385	0.3191065	0.3162785	0.0107689	0.4296267	0.2607837	0.4003715	0.7060205	0.4924734	0.5256928	0.4140527	0.2816344	0.3820021	0.7801506	0.7513065	0.3063403	0.0242870	0.7428931	0.0054299
550	0.1255431	0.3288966	0.4788020	0.1023838	0.1414145	0.7273882	0.0919981	0.0273085	0.3510768	0.2013732	0.6371823	0.2742509	0.3400161	0.2386181	0.4349310	0.4199767	0.2914718	0.3177010	0.6467514	0.3878548	0.4855117	0.6657154	0.3435662	0.1867678	0.8103029	0.6517944	0.3354012	0.0176911	0.6804424	0.0104545
600	0.0678646	0.2331030	0.5834479	0.1079261	0.2531656	0.7666533	0.0900523	0.0895796	0.3596185	0.2251212	0.6477725	0.4155089	0.1316230	0.1081953	0.5734330	0.4011291	0.2225633	0.3851647	0.5939266	0.4202532	0.5727032	0.7445847	0.4360334	0.1604841	0.9037993	0.7167593	0.3286680	0.0103728	0.7531039	0.1750320
650	0.0661247	0.1911622	0.6180106	0.0661953	0.2693743	0.7724405	0.0482000	0.1468899	0.2818993	0.2314719	0.5386266	0.4779148	0.0470456	0.0904653	0.5990864	0.2939544	0.1260279	0.5985267	0.6450426	0.5848651	0.4444960	0.8229930	0.4396951	0.2253981	0.6678620	0.6692758	0.4142094	0.0147401	0.6311789	0.3120905
700	0.0782358	0.0839984	0.5885571	0.0606188	0.4300459	0.5973729	0.1579433	0.3142696	0.2601628	0.3012763	0.5429640	0.3934144	0.0173694	0.0886273	0.6933240	0.1818773	0.1385624	0.5566629	0.4985627	0.6337659	0.5765308	0.8003505	0.5517803	0.2316746	0.7617307	0.7383816	0.3537041	0.0042423	0.8006277	0.4388252
750	0.0233233	0.0743503	0.7287756	0.0427306	0.5636006	0.7997280	0.1428609	0.3618969	0.2655802	0.2483115	0.4697526	0.4142055	0.0152797	0.1193514	0.7249357	0.2256767	0.0706146	0.6523395	0.4861114	0.7232661	0.4874486	0.8190661	0.5794273	0.2477052	0.7274307	0.7435221	0.4923271	0.0082571	0.7527638	0.3659035
800	0.0210918	0.0246757	0.6111798	0.0590355	0.6254666	0.6898681	0.2203982	0.2342870	0.2319760	0.3410305	0.5398592	0.5214418	0.0255083	0.0659705	0.5814025	0.1964047	0.0334368	0.6112298	0.5145969	0.6952843	0.4665499	0.7235478	0.5809507	0.2555175	0.6533589	0.6599314	0.3849161	0.0058278	0.8093553	0.4118847
850	0.0276692	0.0326455	0.6243304	0.0537758	0.5361653	0.7085946	0.1674626	0.2783355	0.2736274	0.2534463	0.4170758	0.4420912	0.0203099	0.0698008	0.6835418	0.2217827	0.0532833	0.5969448	0.5486336	0.5056204	0.4565998	0.6635430	0.6361041	0.2819410	0.7385667	0.6241768	0.4324019	0.0063553	0.8190143	0.4455588
900	0.0215228	0.0377024	0.5543704	0.0728711	0.6478178	0.5645617	0.2900378	0.2768086	0.3666757	0.2839844	0.3513701	0.3785900	0.0641685	0.0511842	0.6658819	0.2011549	0.1013158	0.6054471	0.5905581	0.5194657	0.4268183	0.6495861	0.6565720	0.2768803	0.6211292	0.6543200	0.3313826	0.0114243	0.7088754	0.4737596
950	0.0435569	0.0379703	0.5189422	0.0767838	0.5821096	0.5848068	0.3171583	0.2525023	0.5646230	0.3368025	0.4011384	0.3407370	0.0835588	0.0800063	0.6538231	0.2571820	0.0836324	0.5572276	0.5348165	0.6062954	0.5024641	0.7288119	0.5698463	0.2078956	0.7716862	0.6554245	0.3137287	0.0187605	0.7949788	0.2797598
1000	0.0640660	0.0367659	0.6206903	0.0860674	0.6039558	0.5952720	0.1700007	0.1894771	0.4888150	0.3018783	0.4008550	0.3429326	0.0989014	0.0484561	0.6887021	0.2934986	0.0638458	0.6486086	0.5674713	0.7045029	0.4871854	0.7393471	0.4243001	0.1678211	0.7782755	0.6922182	0.4278996	0.0181855	0.8357097	0.2469895

0	0.0194134	0.0415610	0.7023253	0.0750913	0.6047473	0.7130684	0.3785088	0.1563231	0.6027574	0.3529161	0.2528273	0.4115876	0.0989501	0.1258243	0.5915257	0.3472340	0.0722570	0.5990681	0.6105869	0.4101270	0.5265136	0.7070840	0.5721762	0.1833093	0.7650760	0.9202641	0.4575395	0.0302962	0.7169698	0.2294893
50	0.0342122	0.0362218	0.5874610	0.0486885	0.4595053	0.3032820	0.3100524	0.2582228	0.4991148	0.3411435	0.3211295	0.4563787	0.0998326	0.0821025	0.5846575	0.3395928	0.0346259	0.6116021	0.5745257	0.6177038	0.4477162	0.6884110	0.6602413	0.2146513	0.2638064	0.8885615	0.1455690	0.0088098	0.7021908	0.4288414
100	0.0342027	0.0414758	0.5051035	0.0498497	0.4378875	0.2123568	0.2645256	0.2159030	0.3739678	0.3581539	0.4377537	0.3986135	0.1067676	0.1273822	0.6774899	0.2971885	0.0635518	0.6212045	0.5491735	0.6266745	0.4251410	0.6736490	0.5320470	0.2024504	0.1708160	0.7077852	0.1452907	0.0222201	0.7266232	0.6450064
150	0.0281635	0.0223893	0.5532244	0.0377229	0.4515235	0.1528620	0.6052001	0.1541403	0.5043174	0.5507891	0.3147770	0.3348031	0.1661898	0.1161058	0.5712073	0.3777362	0.0785660	0.5586173	0.6923876	0.5574098	0.3430217	0.8031478	0.5692099	0.1342963	0.1687786	0.7877923	0.1227294	0.0314539	0.7680981	0.5178936
200	0.0568818	0.0341214	0.5391103	0.0575642	0.3379827	0.1147649	0.2835572	0.1092827	0.5853265	0.4675015	0.3065899	0.4333971	0.1385485	0.1336577	0.6193648	0.3016170	0.0886900	0.6417422	0.6618322	0.5161437	0.3930614	0.7428978	0.5435315	0.1360146	0.1208637	0.6215642	0.1056362	0.0101773	0.7120499	0.5238120
250	0.0543804	0.0595376	0.4815849	0.0574786	0.2608580	0.1459236	0.1280499	0.1405346	0.6067780	0.5614330	0.3742929	0.2540126	0.1177566	0.1412170	0.4555295	0.3534014	0.0579232	0.5145307	0.5822976	0.5763458	0.4318765	0.6172262	0.4642579	0.1992202	0.1639458	0.6995386	0.1066504	0.0096217	0.7276763	0.4994562
300	0.0378864	0.0575362	0.4311845	0.0386761	0.2767519	0.1279917	0.0925383	0.1044473	0.4280167	0.4634566	0.4573333	0.3095696	0.1143071	0.1898751	0.4897855	0.3739207	0.0872392	0.5274699	0.5268712	0.4999194	0.3268258	0.6697156	0.6021671	0.1746289	0.1539311	0.6414419	0.1137326	0.0116565	0.7935284	0.5039380
350	0.0393085	0.0319292	0.5432259	0.0591728	0.3115594	0.1913777	0.2016767	0.0963427	0.4835006	0.5247468	0.4229073	0.2861913	0.1032395	0.1086293	0.4956448	0.2901448	0.0346604	0.5739975	0.5326510	0.4762735	0.3551381	0.7346458	0.4878081	0.1397282	0.1328110	0.6805064	0.1277666	0.0018711	0.7987248	0.4956554
400	0.0293999	0.0288527	0.5808802	0.0495670	0.3136002	0.1941251	0.4239880	0.1198749	0.3826255	0.5192356	0.4280422	0.2583789	0.0693514	0.1388114	0.6099822	0.3943023	0.0755278	0.4879948	0.6572228	0.4384787	0.3203981	0.6144983	0.5232571	0.1727845	0.1294660	0.5877920	0.1065391	0.0413045	0.8412142	0.6985011
450	0.0421199	0.0309065	0.4216864	0.0484434	0.2872302	0.1294451	0.4691742	0.1939408	0.5286840	0.5288346	0.4187388	0.4522995	0.0986290	0.0746027	0.5170455	0.3870408	0.0866771	0.5903982	0.5731624	0.5175896	0.3430175	0.6827822	0.5329598	0.2235922	0.1742505	0.7655155	0.0909342	0.0128169	0.7388583	0.5534188
500	0.0666319	0.0385127	0.4752879	0.0628533	0.3615271	0.1225777	0.3341174	0.1187101	0.5709620	0.5312082	0.2669418	0.3934258	0.1433201	0.1415343	0.5034806	0.3165803	0.0504633	0.6455876	0.5990238	0.4850740	0.4016125	0.6513679	0.5050009	0.1482293	0.1707620	0.7575248	0.1358107	0.0202448	0.6718670	0.5611085
550	0.0327394	0.0255239	0.5298450	0.0598032	0.4787640	0.5685790	0.3065002	0.1115776	0.5328831	0.5610437	0.2339641	0.3581788	0.1699629	0.1285272	0.4711480	0.3292183	0.0559787	0.5419990	0.4879516	0.5290208	0.6114030	0.6102196	0.5775031	0.2250176	0.6863143	0.6602774	0.3262033	0.0154890	0.7392919	0.2522864
600	0.0297225	0.0179854	0.6457400	0.0704931	0.7166171	0.6001135	0.5431289	0.1414754	0.5935065	0.5459100	0.2118777	0.4804064	0.1065486	0.1193374	0.5395422	0.2853987	0.0528221	0.6359115	0.4851400	0.6357089	0.4274192	0.7317870	0.5660185	0.1739057	0.6734650	0.6669834	0.3212786	0.0190256	0.6599726	0.2536580
650	0.0744814	0.0195144	0.6404111	0.0673856	0.6833799	0.5584960	0.8022530	0.3292990	0.6359464	0.3583519	0.2332735	0.3427189	0.1746814	0.0901705	0.6760276	0.3254660	0.0553988	0.5508212	0.5153422	0.5598381	0.4198909	0.7455874	0.4902746	0.2466081	0.5843403	0.6972036	0.3488181	0.0104192	0.6217869	0.4217847
700	0.0213317	0.0261092	0.6521868	0.0919341	0.6953427	0.3610293	0.6579506	0.2944320	0.5544116	0.4854399	0.2072022	0.4188528	0.1441049	0.0810400	0.5371908	0.4901327	0.0420505	0.6084860	0.4772140	0.5497596	0.5831302	0.7007402	0.4941885	0.2348921	0.7433479	0.6899233	0.4127288	0.0042988	0.8414029	0.4370584
750	0.0294938	0.0314086	0.6216065	0.0771069	0.6795961	0.2843547	0.4277723	0.1995142	0.6601178	0.4697638	0.2640709	0.4842001	0.1305648	0.0522117	0.4298962	0.4374508	0.0506482	0.5210126	0.6142768	0.5144354	0.5899612	0.6495409	0.5419554	0.2509905	0.8370294	0.7982946	0.3764989	0.0160742	0.6144882	0.3659798
800	0.0421409	0.0415587	0.6745917	0.0298908	0.5755487	0.4688784	0.1905516	0.2520870	0.7180277	0.3247550	0.3197906	0.4932143	0.1067663	0.0983369	0.5034917	0.3971816	0.0877310	0.5147251	0.5486433	0.3678776	0.5538743	0.6786510	0.5389184	0.2246058	0.7324981	0.6826734	0.3127648	0.0123315	0.7180018	0.2789841
850	0.0469873	0.0446788	0.7967590	0.0505129	0.5550747	0.5626527	0.1223293	0.2650373	0.6224653	0.3649034	0.3299506	0.4503648	0.0544499	0.0673162	0.5866893	0.3559483	0.0706899	0.7372944	0.4330687	0.5183870	0.6246817	0.6516265	0.5320855	0.1787402	0.8053499	0.6363789	0.3474030	0.0183857	0.7192250	0.3441850
900	0.0354081	0.0413873	0.7875802	0.0187674	0.4845297	0.7712469	0.0711093	0.3559739	0.5413831	0.3107606	0.3759980	0.5304437	0.0490316	0.0339057	0.5241046	0.2449789	0.0946838	0.6133056	0.4138013	0.5217966	0.4827883	0.7526165	0.6485508	0.3007478	0.5910985	0.7288244	0.2789008	0.0105430	0.7041408	0.3883663
950	0.0404022	0.0462517	0.6858863	0.0691933	0.5985522	0.7339080	0.3112944	0.4117990	0.3138687	0.3143323	0.4578558	0.4633247	0.0312243	0.0861287	0.6488819	0.2866369	0.0878745	0.7063023	0.4903260	0.5770429	0.4311060	0.8182730	0.5126311	0.2420648	0.8965871	0.6951005	0.3194214	0.0128708	0.7303579	0.5322223
1000	0.0401233	0.0260602	0.6235056	0.0284846	0.6200156	0.6339523	0.4179208	0.4705707	0.4150277	0.4531347	0.3942869	0.4420093	0.0268237	0.0316728	0.7134745	0.2366824	0.0397336	0.6069475	0.3998008	0.5909601	0.4624831	0.7331999	0.4481163	0.3146945	0.6616562	0.7199580	0.4125752	0.0015164	0.6632823	0.4460580

0	0.0275825	0.0322740	0.6632228	0.0557043	0.6516214	0.6792944	0.3422364	0.1660990	0.5450973	0.4763767	0.3094332	0.4058337	0.0831641	0.1163731	0.6090821	0.3623736	0.0326533	0.6260632	0.5203834	0.5919148	0.5025093	0.7714934	0.7071705	0.2257623	0.7332143	0.7487904	0.3667100	0.0090464	0.6931675	0.3132567
50	0.0218584	0.3666281	0.6833635	0.0529109	0.5189825	0.2728068	0.3647412	0.1564655	0.7255701	0.4182663	0.2419198	0.3636019	0.1453535	0.5312502	0.2627278	0.4514658	0.0520921	0.5574926	0.5229526	0.4016721	0.4966633	0.2934583	0.6191608	0.2192829	0.7976654	0.7297268	0.2123507	0.0010465	0.5848066	0.4652532
100	0.0848176	0.6001754	0.6416039	0.0507098	0.6696788	0.2778972	0.3395422	0.1112111	0.7336611	0.4223986	0.3237374	0.3179938	0.1300814	0.5808194	0.2496438	0.4196716	0.1263618	0.5377490	0.5264775	0.4508330	0.3946852	0.1966539	0.4712116	0.2665378	0.6725038	0.5968342	0.2378281	0.0003334	0.7227501	0.5124559
150	0.1545043	0.5883871	0.6109895	0.0982669	0.3873400	0.2740924	0.0683274	0.1837844	0.5872111	0.3230190	0.3350531	0.4199127	0.1122760	0.7749706	0.2903610	0.3103502	0.0450495	0.6610012	0.6174244	0.5179892	0.4311596	0.1840308	0.3589682	0.2980098	0.6711395	0.6772975	0.3078402	0.0008179	0.7510158	0.5223663
200	0.2606285	0.6910538	0.6442120	0.0550232	0.2531218	0.3070816	0.1256244	0.2609861	0.3943257	0.2661336	0.4096404	0.3951666	0.0409363	0.8807685	0.3022010	0.2201030	0.0662033	0.5460802	0.5343864	0.4854958	0.3465482	0.1877397	0.2479646	0.3259919	0.7448561	0.7062216	0.2979457	0.0000000	0.7894394	0.5813263
250	0.2601838	0.5780450	0.5531775	0.0632537	0.1888961	0.4375317	0.0488588	0.2904972	0.3120749	0.2228383	0.4577989	0.4201471	0.0175717	0.7906656	0.4161007	0.2398366	0.0400487	0.7530554	0.5247677	0.6842099	0.3852527	0.2075827	0.1946342	0.2939632	0.7752882	0.6477820	0.2518879	0.0007296	0.7762560	0.5435983
300	0.3773168	0.5948935	0.4773835	0.0599351	0.0565704	0.3739345	0.0399491	0.2227812	0.2659453	0.1774922	0.5065053	0.4559350	0.0674718	0.7500429	0.2575771	0.2252699	0.0538090	0.5896844	0.5678426	0.5471879	0.2738967	0.1323376	0.1242650	0.2850825	0.7374189	0.6545296	0.3139021	0.0022108	0.6712701	0.6354895
350	0.3949919	0.7673147	0.5330180	0.1292190	0.0295958	0.3775369	0.0639171	0.1958997	0.2459766	0.1193955	0.5570296	0.2815255	0.0468761	0.6922290	0.2755532	0.2197975	0.0720825	0.5423663	0.5321478	0.6015988	0.2593937	0.1358202	0.0782790	0.3833500	0.7096422	0.6900434	0.2436905	0.0005201	0.7868939	0.4887148
400	0.3893856	0.6275504	0.2881702	0.1699520	0.0333656	0.4412493	0.0601103	0.1542814	0.2251893	0.1432611	0.5611043	0.2994460	0.0404393	0.7005512	0.3034246	0.2269855	0.0819581	0.4060553	0.5661191	0.7366730	0.2930726	0.1234454	0.1069414	0.2992248	0.6912261	0.7196438	0.2609464	0.0006646	0.7183494	0.5236757
450	0.3731912	0.7497587	0.3718707	0.2047505	0.0372178	0.4166734	0.0503553	0.0878484	0.3070646	0.1638350	0.5686623	0.3382475	0.0333844	0.6115929	0.3996232	0.2331724	0.1088004	0.5759296	0.5759824	0.5168644	0.2394719	0.1681841	0.1565528	0.2857272	0.7288276	0.6359404	0.3109854	0.0004852	0.7510770	0.4403975
500	0.4308420	0.8920779	0.2865776	0.3271603	0.0218231	0.3030252	0.0703276	0.0872544	0.3017470	0.1248943	0.6585934	0.3617974	0.0617856	0.7771554	0.3536391	0.2808817	0.1444772	0.6041723	0.6317214	0.5121852	0.3093826	0.2027767	0.1078215	0.2860801	0.7013045	0.6319115	0.2725275	0.0009299	0.7792317	0.4732679
550	0.2653540	0.6922408	0.4286887	0.2146530	0.0202833	0.5912968	0.0741756	0.1266535	0.2175202	0.1837464	0.4871694	0.3501375	0.0739001	0.3168342	0.6722588	0.2857425	0.1098651	0.6735546	0.5865465	0.6752361	0.3964839	0.5328560	0.1131425	0.2538302	0.6920666	0.7123226	0.3855853	0.0197327	0.7750751	0.3018470
600	0.1075510	0.6900622	0.3395064	0.1406751	0.0205235	0.6004511	0.0346494	0.1647276	0.2941377	0.1583336	0.5189161	0.4438998	0.0268431	0.1669331	0.6759429	0.3841881	0.0784771	0.6112536	0.5382471	0.5048759	0.4612127	0.5966530	0.3671426	0.2073756	0.6974187	0.6487545	0.3332868	0.0079624	0.6963255	0.2963538
650	0.0941921	0.3674546	0.4025918	0.1434050	0.0981344	0.6988087	0.0689333	0.1311828	0.2342605	0.2526880	0.6102785	0.3342116	0.0160479	0.1197593	0.5961663	0.2189932	0.1171501	0.6147238	0.5876394	0.5555484	0.4527957	0.6829794	0.4903285	0.2210043	0.7584221	0.8435838	0.3355603	0.0075298	0.5826886	0.2282049
700	0.0335167	0.2431256	0.6153738	0.0796407	0.2335444	0.6619183	0.0583396	0.1773533	0.3198935	0.2296272	0.5938623	0.3361372	0.0572699	0.1018637	0.6790337	0.2613514	0.0949922	0.7646582	0.4830866	0.6061212	0.4496965	0.7153491	0.5500805	0.1551042	0.7147914	0.6155795	0.3954225	0.0112731	0.7378499	0.1532018
750	0.0311008	0.0828910	0.6527751	0.0866953	0.4172542	0.7324003	0.0794263	0.1056135	0.2557667	0.3055280	0.5922732	0.4012917	0.0657816	0.1531496	0.6830418	0.2508427	0.0923448	0.5975026	0.6020959	0.6803853	0.4372653	0.7463996	0.5759128	0.1615057	0.7059990	0.6585902	0.3674253	0.0029626	0.6025278	0.1206835
800	0.0225102	0.0444468	0.5986837	0.0658601	0.4609461	0.7135044	0.0943719	0.1234149	0.3382329	0.3175050	0.5036036	0.4027698	0.0252836	0.0871740	0.6822957	0.2899124	0.0886707	0.6310339	0.5239328	0.6060876	0.4511635	0.7187045	0.6241349	0.2619684	0.6974670	0.8433928	0.3245624	0.0190764	0.6691590	0.2172335
850	0.0448122	0.0500056	0.6960002	0.1118500	0.6985031	0.6789334	0.1979780	0.1315394	0.2968730	0.2803326	0.3750002	0.3671257	0.0429229	0.1076718	0.6842733	0.3487480	0.0665512	0.6805361	0.5773526	0.5117044	0.4702704	0.7246966	0.4323913	0.1750554	0.6809329	0.7217765	0.3694299	0.0159924	0.7383342	0.2574168
900	0.0470014	0.0197513	0.6259026	0.0553440	0.5396472	0.7060632	0.3603924	0.1574016	0.3193275	0.4361552	0.4356987	0.3188699	0.0572750	0.1562555	0.5436215	0.2681538	0.0633074	0.5363783	0.6589335	0.5860162	0.4286206	0.8045977	0.5510454	0.1219098	0.6043146	0.6879481	0.3122068	0.0060598	0.6215070	0.2269714
950	0.0236753	0.0263552	0.7120710	0.0606296	0.6239807	0.6055369	0.4271608	0.1573023	0.6111584	0.4913776	0.2824356	0.3794137	0.0514630	0.1061496	0.5317640	0.2141637	0.0719251	0.5593502	0.6102424	0.5359903	0.5426813	0.7016181	0.5533087	0.2779600	0.7989299	0.8263735	0.4166189	0.0150439	0.7926825	0.2159183
1000	0.0386917	0.0182041	0.6186674	0.0652300	0.6474300	0.5801811	0.1360991	0.1997750	0.6340918	0.2803996	0.3823216	0.3706591	0.1315369	0.1009172	0.6636182	0.2854257	0.0592294	0.6592459	0.7615155	0.6115270	0.4601859	0.6980943	0.5122714	0.1965835	0.7290306	0.7134445	0.4026705	0.0145548	0.7471561	0.2271871

0	0.0397702	0.0368586	0.6418919	0.0593266	0.6131362	0.6665087	0.3814382	0.1411203	0.5051110	0.4163611	0.3591318	0.3513588	0.1638840	0.1368921	0.5222809	0.3242496	0.0406278	0.6870329	0.6005266	0.5968774	0.4440817	0.7570244	0.5909335	0.2559769	0.7762881	0.7811911	0.3747454	0.0147796	0.6314826	0.2949900
50	0.0721241	0.0327960	0.6365979	0.0465352	0.5895199	0.3931595	0.0983370	0.1511994	0.5102707	0.2911095	0.1898396	0.3590937	0.2483518	0.1562695	0.5391936	0.3229519	0.0608903	0.7534454	0.5148826	0.6104870	0.4257524	0.3486825	0.5001668	0.1797844	0.4676036	0.7044673	0.3602826	0.0155419	0.8137644	0.3070338
100	0.0829951	0.0806651	0.6066747	0.0398908	0.5556204	0.3644064	0.0954288	0.1496699	0.4013573	0.3126972	0.2778479	0.3549214	0.2111137	0.0864918	0.5819623	0.2669320	0.0531277	0.6195994	0.6142442	0.6628666	0.3693026	0.1725709	0.3436180	0.2107514	0.4767222	0.7447800	0.3707288	0.0013608	0.7615405	0.2474155
150	0.2415029	0.1012438	0.6565899	0.0860510	0.3832810	0.4029508	0.0318490	0.1259964	0.3269489	0.1720319	0.1859403	0.3921520	0.2418822	0.0644376	0.6606068	0.3183265	0.0649495	0.6137239	0.4833620	0.5403402	0.3698700	0.1787409	0.3543401	0.1739043	0.4627322	0.7478707	0.3429592	0.0004531	0.6534311	0.3025520
200	0.1818030	0.3175840	0.4738804	0.0820344	0.1972852	0.3090165	0.0371828	0.2087263	0.3484009	0.2467078	0.2272254	0.4147866	0.1881656	0.0625411	0.6196435	0.2275072	0.0460130	0.6512027	0.5623711	0.5354447	0.4348441	0.1725101	0.1821706	0.1898314	0.5211545	0.8093302	0.2489151	0.0005510	0.7026361	0.3409091
250	0.3889076	0.5005136	0.5864166	0.0768421	0.0836680	0.3730899	0.0348961	0.3379523	0.3069499	0.2619411	0.2916959	0.3257986	0.1790244	0.0609462	0.7188647	0.2238192	0.0890091	0.6648130	0.5495820	0.5070094	0.3511041	0.1123480	0.1317976	0.2123063	0.4609204	0.8183994	0.2530608	0.0024183	0.6963168	0.3647495
300	0.3758890	0.6171443	0.4108421	0.1613008	0.0608035	0.3016590	0.0265832	0.2476864	0.3122570	0.1943723	0.2478747	0.4354630	0.1282961	0.0877754	0.7111239	0.2509670	0.0944542	0.5986707	0.6287130	0.6031355	0.3468276	0.2030134	0.1075299	0.2151152	0.5369792	0.7760414	0.3632727	0.0000872	0.7797894	0.3406873
350	0.3495380	0.7111706	0.3096068	0.1535890	0.0549907	0.3757589	0.0459577	0.2792556	0.2241492	0.1945974	0.2833234	0.3398915	0.1746487	0.0448061	0.6953820	0.1827684	0.0882800	0.5201453	0.5963847	0.6994026	0.2493374	0.2382941	0.1385139	0.2174210	0.4540875	0.7368761	0.2895374	0.0002674	0.7920043	0.3631939
400	0.3238709	0.6273121	0.3825387	0.1859701	0.0326679	0.3492413	0.0500093	0.2381714	0.2550256	0.1361109	0.2420344	0.2189592	0.1256825	0.0674559	0.8192609	0.3421366	0.1171253	0.5919198	0.7284521	0.6731974	0.3705838	0.1250918	0.1217186	0.2970157	0.4754693	0.7184710	0.4537076	0.0033138	0.7466125	0.1977760
450	0.4293173	0.7194119	0.3208682	0.1233500	0.0188142	0.3866262	0.0722349	0.1116080	0.2745880	0.1923821	0.3076587	0.3539639	0.2236518	0.0729574	0.6773666	0.2435432	0.1991452	0.5806091	0.5467609	0.7419626	0.3843092	0.1401925	0.1046776	0.1335410	0.3868195	0.7030213	0.4420536	0.0006889	0.6761188	0.2382900
500	0.4911449	0.6448618	0.3610069	0.1785544	0.0298872	0.3209204	0.0665447	0.1199629	0.3074372	0.1466572	0.2642832	0.4249695	0.1857232	0.0474016	0.5748697	0.2176005	0.1395647	0.6188682	0.4428235	0.5918042	0.2635503	0.1740358	0.1007967	0.1561006	0.4473760	0.8311535	0.3947527	0.0004112	0.7735898	0.2836705
550	0.2427985	0.6368083	0.4058784	0.2111240	0.0343977	0.5968578	0.0560531	0.1529893	0.2691811	0.2069476	0.5654624	0.4136558	0.0449989	0.0516433	0.6413922	0.2529565	0.1157084	0.5476625	0.6141938	0.6267128	0.4153419	0.5440569	0.1782599	0.1635990	0.7070225	0.7332185	0.2688238	0.0058202	0.7074453	0.2819996
600	0.1339543	0.6714304	0.4872724	0.2169660	0.0599635	0.4983361	0.0327832	0.1442741	0.2505560	0.1858715	0.6309499	0.3715365	0.0456144	0.0506288	0.6940039	0.1981744	0.0567649	0.6598476	0.6385720	0.6297536	0.4128418	0.6733218	0.2800920	0.1951430	0.5817243	0.6365971	0.2775131	0.0122733	0.8360873	0.2133304
650	0.0777032	0.3481902	0.3650056	0.0889259	0.1829876	0.6038048	0.0374063	0.1335106	0.3310535	0.1722189	0.5821723	0.2647786	0.0376437	0.0901348	0.5521562	0.2682002	0.0767194	0.5441828	0.6212241	0.5847414	0.5327805	0.8538840	0.3694415	0.1591435	0.6043739	0.5307275	0.3032652	0.0088910	0.7099223	0.2065190
700	0.0361701	0.2455712	0.5189157	0.0762481	0.2401970	0.5717780	0.0473421	0.1326506	0.2809827	0.2497776	0.5082601	0.3666002	0.0687377	0.1120844	0.5792182	0.2736633	0.0841273	0.5471293	0.5448245	0.5467562	0.4823539	0.5983169	0.5946653	0.2229854	0.5603916	0.6700055	0.4267891	0.0059584	0.6795051	0.2208220
750	0.0489488	0.1501979	0.5641817	0.0541186	0.4733979	0.6444928	0.1028379	0.1467317	0.2783017	0.2559478	0.5154176	0.3712043	0.0382194	0.0904937	0.6088137	0.2486247	0.0909789	0.5550991	0.5347150	0.5955570	0.4090356	0.7949405	0.5523181	0.1947262	0.6401590	0.7692593	0.2764238	0.0133739	0.7120168	0.2907219
800	0.0257326	0.0531365	0.7038711	0.0412747	0.3446970	0.5941190	0.1212640	0.1774528	0.2466439	0.3744187	0.6853911	0.4183075	0.0287465	0.0819923	0.7758083	0.2438805	0.1817827	0.7231435	0.4504917	0.5767519	0.4112804	0.6215090	0.5053332	0.1953347	0.7200171	0.7809264	0.2482015	0.0222099	0.7019088	0.3499934
850	0.0182441	0.0262466	0.6490359	0.0857331	0.4838930	0.8445518	0.0810111	0.2213578	0.3189955	0.3596777	0.6455300	0.3953118	0.0248283	0.0613002	0.6041690	0.2265584	0.0886798	0.5684925	0.6055359	0.6085366	0.5189603	0.6971500	0.5570836	0.2090856	0.7645196	0.6061873	0.3427042	0.0109778	0.6822046	0.2385112
900	0.0699671	0.0340351	0.7321053	0.0902732	0.5988999	0.8802604	0.1113519	0.1783360	0.3052379	0.3058839	0.5296620	0.3242481	0.0217350	0.1152056	0.7309510	0.3133657	0.1056750	0.5373668	0.5806810	0.5499374	0.4734697	0.8367229	0.4436111	0.2129530	0.7543429	0.6611560	0.3630144	0.0050466	0.8127154	0.2623765
950	0.0503759	0.0799259	0.5038314	0.0831348	0.6658714	0.7222352	0.1144909	0.1145958	0.3073047	0.2604760	0.3988264	0.3581261	0.0651867	0.1849906	0.6522965	0.2247452	0.0620662	0.4879290	0.6758170	0.5793428	0.4231128	0.8101554	0.5207354	0.2029811	0.8283339	0.6909368	0.3911263	0.0154650	0.6806992	0.1619804
1000	0.0334442	0.0258788	0.5850301	0.0249764	0.6633380	0.8574015	0.1588313	0.1705936	0.3604095	0.3028422	0.4052740	0.3141518	0.0682217	0.0940310	0.6142051	0.3002811	0.0700456	0.4380452	0.6193555	0.6308633	0.4839056	0.7250309	0.6618467	0.1448895	0.6852076	0.5896404	0.3172165	0.0102599	0.9483947	0.2126296

0	0.0279059	0.0264410	0.6293635	0.0516634	0.5801130	0.7320128	0.2869949	0.1676800	0.5326984	0.3791033	0.3457107	0.3917832	0.1298998	0.1540638	0.5117527	0.3449290	0.0640690	0.6677463	0.5954747	0.5839215	0.4863589	0.7075478	0.6665402	0.1792915	0.7468013	0.9095535	0.3117890	0.0237813	0.7394781	0.2749275
50	0.0195509	0.0569699	0.6367289	0.0725317	0.6596609	0.7659796	0.5364165	0.2364434	0.4801191	0.3667860	0.2451473	0.4365580	0.3428129	0.1011866	0.1570756	0.4355127	0.0169074	0.6696672	0.3434026	0.4541715	0.6227548	0.7308469	0.6883405	0.3257949	0.5421783	0.6003555	0.1995272	0.0002946	0.7851532	0.2965579
100	0.0212735	0.0238281	0.6968464	0.0798865	0.5859376	0.6574957	0.4442664	0.1878912	0.4369478	0.4845576	0.1836824	0.4306435	0.3429582	0.1607203	0.1104348	0.5726646	0.0019619	0.6039290	0.2387062	0.5370478	0.6026665	0.7963861	0.5698705	0.3244490	0.4375174	0.6304042	0.2034330	0.0007466	0.7138212	0.4183119
150	0.0409560	0.0410820	0.5666324	0.0393326	0.5768181	0.5590213	0.3019475	0.3796850	0.4834169	0.4243707	0.2325015	0.4739472	0.2878622	0.1971993	0.0962366	0.4774348	0.0010954	0.5594337	0.1954321	0.4623970	0.4675360	0.6847948	0.5940749	0.3728085	0.3761822	0.7214114	0.2521133	0.0004800	0.7733456	0.4546855
200	0.0606616	0.0365418	0.6646872	0.0666233	0.5689340	0.6093753	0.1487586	0.2859889	0.4021307	0.3338606	0.2160552	0.4407108	0.4724329	0.1707914	0.0698249	0.6395273	0.0006444	0.5887037	0.1574095	0.3788642	0.5634990	0.6761863	0.6906552	0.3234851	0.4066507	0.6445296	0.2089431	0.0011194	0.7346705	0.5336672
250	0.0286212	0.0553617	0.6495196	0.0392786	0.6282269	0.6501209	0.1122929	0.2948679	0.3572815	0.3997114	0.2319169	0.4224324	0.3485536	0.1901428	0.0907529	0.5673076	0.0039051	0.8244706	0.1416738	0.3975457	0.4951742	0.6765676	0.6840864	0.3411157	0.4168264	0.8050960	0.2118734	0.0000000	0.7473256	0.5594299
300	0.0211904	0.0236827	0.6106471	0.0369789	0.5559821	0.5808562	0.2136941	0.4432894	0.3183557	0.4670602	0.4000835	0.5700345	0.2504474	0.1957873	0.1004676	0.5245545	0.0014878	0.7176191	0.1383641	0.3750456	0.5992849	0.6594138	0.5932124	0.3642648	0.4144044	0.7070222	0.2060586	0.0001302	0.6623098	0.4500970
350	0.0098047	0.0319791	0.5714439	0.0650805	0.7794899	0.8361236	0.4478482	0.5310324	0.2732912	0.4794636	0.3286770	0.5191873	0.2571992	0.2031747	0.0936373	0.5888852	0.0032958	0.5852156	0.1589242	0.3517616	0.5840990	0.6208440	0.6849509	0.3460027	0.4993402	0.6203671	0.2278088	0.0017842	0.6998389	0.4442743
400	0.0399337	0.0186688	0.5676721	0.0573933	0.5429745	0.6980756	0.3717053	0.3431811	0.4416742	0.4116457	0.1707544	0.6371796	0.3587730	0.1869120	0.1082715	0.6738974	0.0001044	0.6435817	0.2209860	0.4027188	0.4672475	0.8610556	0.5811949	0.3811058	0.3935128	0.6867292	0.1609800	0.0005352	0.7050294	0.5005900
450	0.0263524	0.1030493	0.6235188	0.0468907	0.7839191	0.5661596	0.2986846	0.3911891	0.5713353	0.3658012	0.2317428	0.5088582	0.2968961	0.2035718	0.1450535	0.5694827	0.0000394	0.8176542	0.1795494	0.4604159	0.5382705	0.7041192	0.6018028	0.3380698	0.3758890	0.6809652	0.2094707	0.0008851	0.6727770	0.4420644
500	0.0335788	0.0278875	0.7240770	0.0433298	0.5689762	0.5314542	0.2211802	0.4913159	0.4989542	0.3807238	0.2260458	0.4113324	0.3792355	0.1789363	0.1299668	0.4864442	0.0001842	0.6000538	0.1585919	0.4646847	0.6699408	0.6944852	0.5847756	0.3864874	0.4946723	0.5720382	0.1707355	0.0002294	0.6647067	0.4768403
550	0.0600020	0.0650313	0.6115344	0.0331094	0.6379038	0.6637166	0.1519709	0.3000285	0.3973809	0.3386131	0.3612750	0.3149811	0.0853279	0.1204041	0.2933733	0.3947174	0.0660112	0.7320924	0.4652493	0.3936150	0.4819700	0.7475992	0.6082322	0.2409915	0.6838717	0.8423311	0.3008844	0.0222098	0.6865694	0.4848244
600	0.0413447	0.0159444	0.7366197	0.0548558	0.7011365	0.7549420	0.2619327	0.2596598	0.4145557	0.2878870	0.3220821	0.4540189	0.0640895	0.1003902	0.4504098	0.3109028	0.0805653	0.5558127	0.4117911	0.4507191	0.5237430	0.7725999	0.5591327	0.3456885	0.5877463	0.6865308	0.3654454	0.0114178	0.7748716	0.3316465
650	0.0641865	0.0356390	0.6016614	0.0868140	0.6569744	0.8034055	0.3384147	0.3013583	0.5106306	0.3429386	0.2923618	0.4456589	0.0322716	0.0610565	0.7086991	0.2137529	0.0693595	0.7135571	0.4853989	0.5513581	0.4317892	0.9112322	0.5464861	0.1884180	0.7537107	0.9605356	0.3006557	0.0177177	0.5967537	0.5255857
700	0.0332461	0.0296719	0.6746184	0.0668909	0.7958650	0.6731488	0.4030238	0.3272657	0.5329182	0.4125319	0.2651291	0.5073108	0.0654268	0.0603465	0.7400103	0.2766262	0.0656144	0.6899043	0.4357730	0.6253536	0.6737528	0.7358732	0.5887454	0.2741918	0.7527362	0.7308643	0.3199708	0.0127640	0.7434212	0.4065138
750	0.0253365	0.0289051	0.6064757	0.1469561	0.6703124	0.5729006	0.4493029	0.2589994	0.5108934	0.4991842	0.3029712	0.4854537	0.1194765	0.0458356	0.5763483	0.3249882	0.0886584	0.7504497	0.4626111	0.6103962	0.5304399	0.6817958	0.5362994	0.2137775	0.7878915	0.7103364	0.3041946	0.0061665	0.6639484	0.4039840
800	0.0576284	0.0354100	0.5459088	0.0938399	0.6215387	0.5711961	0.1625904	0.2327289	0.5419113	0.3129422	0.3717312	0.3323055	0.0993144	0.0911785	0.5692398	0.3010074	0.0661898	0.6245678	0.5861423	0.5858774	0.4588802	0.6878929	0.4782422	0.2111586	0.7223911	0.7944602	0.3283955	0.0061896	0.8081414	0.2261029
850	0.0139886	0.0288853	0.6168804	0.0458722	0.7373616	0.7316839	0.3013073	0.1955564	0.4962676	0.3503622	0.3309493	0.3173843	0.0906718	0.1118430	0.5378060	0.3353607	0.0722842	0.5850172	0.5029196	0.7047649	0.4627575	0.7001663	0.6904593	0.1974561	0.8059087	0.8854331	0.2923239	0.0033818	0.7433534	0.3018822
900	0.0377599	0.0289817	0.6527349	0.0551320	0.6797985	0.6140842	0.4471459	0.1102646	0.4396591	0.3609072	0.3185133	0.3290791	0.0716820	0.0878417	0.6942794	0.2840070	0.0687179	0.6887044	0.6137744	0.6887875	0.4524369	0.7786948	0.6004540	0.1345537	0.6841711	0.7898422	0.3137815	0.0156827	0.6338067	0.2042901
950	0.0571363	0.0346019	0.6975063	0.0372198	0.6451930	0.6579031	0.3555330	0.1449945	0.6087242	0.3641140	0.3110323	0.3474148	0.1035746	0.0781101	0.6271503	0.3260798	0.0541282	0.7448381	0.6538035	0.6336905	0.3979370	0.8309108	0.4470074	0.1961950	0.6735374	0.8552545	0.3229561	0.0172046	0.6924628	0.2604058
1000	0.0305054	0.0448384	0.7014184	0.0854811	0.6418680	0.7424742	0.2902350	0.1110605	0.5857295	0.4333911	0.3152142	0.4106165	0.1145097	0.1027356	0.5630328	0.3580441	0.0693177	0.5521096	0.6576967	0.5181484	0.4811324	0.7325958	0.6161712	0.2240725	0.7489022	0.8614169	0.2782027	0.0168236	1.0000000	0.1952242

0	0.0235662	0.0486967	0.7885358	0.0702970	0.6335596	0.7250410	0.4202033	0.1056346	0.5880127	0.4250651	0.4130914	0.3759322	0.0820762	0.1307367	0.5014914	0.3936442	0.0675166	0.5134611	0.4432021	0.4690157	0.5397640	0.8434657	0.6403525	0.1550636	0.7391566	0.6631428	0.3075484	0.0109318	0.7358067	0.3099874
50	0.0309851	0.0167588	0.6446504	0.1129537	0.8091338	0.7124737	0.2997020	0.2169883	0.4150601	0.4064850	0.3894205	0.4167316	0.0500650	0.1912356	0.5289547	0.2447887	0.0819010	0.5958597	0.3829348	0.6260770	0.4091051	0.7169643	0.6241942	0.2171680	0.6666668	0.7511921	0.1098972	0.0176610	0.7112690	0.4521955
100	0.0067254	0.0219568	0.6240331	0.0793288	0.7202273	0.6515230	0.4853481	0.2418924	0.4891662	0.3418698	0.3287765	0.4534515	0.0601759	0.2017541	0.7471938	0.2549987	0.1059692	0.6606775	0.5269355	0.4628618	0.4397517	0.7970396	0.4365960	0.1983191	0.6978229	0.6237132	0.0615987	0.0114727	0.7548980	0.3344785
150	0.0177218	0.0165021	0.6239718	0.1426488	0.6473189	0.6158416	0.3910155	0.1827660	0.5204684	0.4252823	0.2961238	0.3896588	0.1062553	0.2227862	0.5341609	0.2976482	0.0438213	0.6094389	0.5726695	0.5690221	0.5025975	0.6967023	0.5160803	0.1443372	0.6942741	0.6978399	0.0370585	0.0160323	0.7852254	0.2743035
200	0.0094063	0.0370245	0.6498606	0.0866393	0.6380157	0.4674486	0.4760040	0.2581785	0.4371326	0.3896097	0.2495763	0.3879318	0.0691177	0.1934992	0.6338591	0.3318467	0.0652145	0.6683073	0.5415156	0.7125128	0.4376449	0.7462247	0.5914916	0.3057085	0.7687451	0.6400874	0.0453218	0.0231756	0.8536858	0.3122945
250	0.0232436	0.0574848	0.7205270	0.0982641	0.6918920	0.5299366	0.4659017	0.1478168	0.5735107	0.4164681	0.2747709	0.4128198	0.1840418	0.2342608	0.5641852	0.3432282	0.0518537	0.6552774	0.6448361	0.6719690	0.4493508	0.7400590	0.5155282	0.1780551	0.7743264	0.7290404	0.0119443	0.0066847	0.6580419	0.3141808
300	0.0237608	0.0350469	0.8418684	0.0706938	0.7282205	0.5217747	0.4292185	0.1303843	0.5799143	0.4486648	0.2546391	0.3420361	0.1699872	0.1921706	0.5909905	0.3082212	0.1192006	0.7168388	0.5889907	0.5959966	0.4061797	0.6840679	0.4976097	0.1952387	0.7360876	0.7796490	0.0438149	0.0084392	0.6581078	0.2547742
350	0.0112211	0.0117769	0.6636364	0.0599719	0.7174480	0.4154456	0.4008594	0.1483575	0.6506715	0.4427717	0.2237954	0.3260932	0.1472687	0.2370236	0.4512823	0.3887896	0.0556907	0.5394314	0.5132980	0.3846340	0.4422286	0.6044787	0.6043638	0.1833309	0.8437575	0.7449918	0.0349755	0.0037471	0.6841643	0.2430869
400	0.0145737	0.0170097	0.8408768	0.0726235	0.8485713	0.5030067	0.5328352	0.1779153	0.8522006	0.4027771	0.2728161	0.4164312	0.1484833	0.1619256	0.6161172	0.3037466	0.0688085	0.6550962	0.6016464	0.4429605	0.4386453	0.6620425	0.4790879	0.2453444	0.6134029	0.6146116	0.0279677	0.0199765	0.7779604	0.2971514
450	0.0141234	0.0296859	0.7168865	0.0529874	0.6928692	0.5277397	0.4827789	0.1796906	0.5448689	0.4516899	0.2921070	0.4319365	0.1642651	0.1838280	0.4852899	0.4751357	0.0569061	0.6456066	0.5624275	0.4598672	0.5692766	0.6424077	0.4764336	0.2058324	0.6663788	0.7103852	0.0146347	0.0045777	0.9285688	0.3854335
500	0.0111229	0.0416152	0.7725457	0.0514003	0.7785945	0.4644309	0.5175012	0.2540810	0.6619674	0.4434289	0.3384977	0.4170687	0.1381025	0.1628237	0.5268798	0.4310994	0.0566579	0.5542697	0.3905747	0.6960902	0.5791530	0.6158028	0.5130876	0.2416043	0.6950084	0.6414324	0.0175862	0.0104492	0.6971377	0.4292249
550	0.0545354	0.0170637	0.7102727	0.0708208	0.7647397	0.5306828	0.5614899	0.2585948	0.6067284	0.3770271	0.3303767	0.3322890	0.1152340	0.1126023	0.6141447	0.3387433	0.0578827	0.6510839	0.5933413	0.6491423	0.4325347	0.6999216	0.5642086	0.3410706	0.7664676	0.8568645	0.1836745	0.0041982	0.7478469	0.4744754
600	0.0390925	0.0131603	0.7184607	0.0888107	0.6037662	0.4865282	0.4288818	0.3373462	0.6401642	0.3506839	0.2370196	0.4578037	0.0874761	0.0491769	0.6068916	0.2301408	0.0787237	0.6943512	0.4573679	0.5184146	0.5486317	0.7183772	0.4569788	0.3559415	0.6288200	0.6839224	0.2290006	0.0105990	0.7776330	0.5302652
650	0.0296767	0.0195470	0.7107051	0.0628182	0.6818956	0.5630592	0.4314945	0.3862961	0.5574237	0.3359690	0.3839215	0.3681557	0.1090392	0.0580493	0.5897258	0.3474053	0.1370269	0.5947274	0.5018316	0.5083635	0.4085790	0.8793077	0.5683884	0.2283000	0.6016053	0.7465968	0.4060148	0.0057198	0.7184073	0.4467285
700	0.0328062	0.0267697	0.6873162	0.0445554	0.6374432	0.6152941	0.4953673	0.2408094	0.6325372	0.2840287	0.3640085	0.3817126	0.1506688	0.0741461	0.5846016	0.2912571	0.0329019	0.6075404	0.4688893	0.5789337	0.5059630	0.8483109	0.5832540	0.2690768	0.5969358	0.7048436	0.3144215	0.0077313	0.6974648	0.4185890
750	0.0420087	0.0551438	0.6704214	0.0604509	0.7828764	0.6566396	0.2487519	0.2852282	0.4349055	0.4202280	0.3567730	0.4309903	0.0919308	0.0669845	0.5958142	0.3145180	0.0587473	0.6887451	0.5053547	0.4756203	0.4113656	0.6569754	0.5268884	0.2802755	0.7439395	0.8750212	0.3317199	0.0081453	0.7905293	0.3637389
800	0.0602775	0.0513164	0.6355393	0.0582101	0.6658561	0.6840832	0.2124213	0.2320615	0.3846132	0.2854290	0.3742796	0.3976754	0.0529077	0.0950543	0.6575929	0.3106899	0.1011062	0.4872427	0.5259609	0.4899237	0.4416292	0.8392537	0.4670156	0.2009366	0.6249164	0.6321229	0.3756415	0.0091956	0.7301188	0.3185365
850	0.0888586	0.0335804	0.6843091	0.0387255	0.6208639	0.7372645	0.3642964	0.3243180	0.4710557	0.3198611	0.3545060	0.4220346	0.0498191	0.0864791	0.7136833	0.2832942	0.0665289	0.5923879	0.4699455	0.5898152	0.5875503	0.7420330	0.6015651	0.2832687	0.6746415	0.6153491	0.3754576	0.0144318	0.6794260	0.3988555
900	0.0571495	0.0430858	0.6197258	0.0806256	0.6468282	0.7281886	0.2783646	0.2505149	0.4757297	0.3144992	0.2831579	0.3803862	0.0765849	0.0664568	0.6672344	0.2842629	0.1081946	0.6720569	0.5777509	0.6017827	0.4329595	0.7252384	0.4832552	0.2742157	0.6627552	0.7527132	0.3002598	0.0094204	0.7063513	0.4686628
950	0.0403197	0.0661521	0.6175443	0.0489600	0.5086037	0.6951720	0.1879249	0.2147660	0.3780306	0.3083472	0.3794773	0.3104493	0.0250670	0.1089531	0.6756847	0.2587049	0.0569831	0.8132432	0.6887225	0.5179284	0.5745356	0.7068332	0.5457670	0.1596851	0.7235123	0.7302121	0.3219749	0.0027033	0.6690129	0.3253408
1000	0.0580264	0.0331604	0.6458712	0.0813985	0.6575803	0.7048065	0.3051417	0.1923995	0.2975444	0.2609700	0.4341778	0.3419131	0.0409052	0.0837800	0.7155907	0.2587456	0.0792345	0.6659181	0.6052739	0.5301902	0.5038306	0.7004250	0.5339791	0.1516072	0.8632983	0.8455683	0.3758903	0.0215602	0.7208559	0.2828008
