"Time"	G1	G3	G5	G22	G4

0	0.7179791	0.3916079	0.1195326	0.7604026	0.6514877
50	0.7557862	0.4678603	0.1284646	0.8266262	0.7638068
100	0.9381245	0.4529513	0.1162285	0.8645656	0.7621966
150	0.6855184	0.5363848	0.1267862	0.8096201	0.5679719
200	0.6935020	0.5411355	0.0908611	0.7583690	0.7648090
250	0.8028761	0.4907384	0.1564717	0.7671243	0.6502117
300	0.7087565	0.4794853	0.1138213	0.7682079	0.9028285
350	0.8244122	0.4997548	0.0727670	0.7627274	0.8056225
400	0.8156246	0.4281364	0.1222096	0.6901504	0.6972038
450	0.7297310	0.5267513	0.1644939	0.6778003	0.7106104
500	0.9405322	0.5669345	0.0958554	0.6915501	0.7601202
550	0.6647539	0.5501553	0.0802705	0.8589452	0.6960397
600	0.7132103	0.5793034	0.1080146	0.9702445	0.8654142
650	0.7760676	0.5124261	0.0936076	0.8312529	0.6918179
700	0.6999091	0.5035413	0.0906028	0.7508278	0.8105329
750	0.6252882	0.4093413	0.1572489	0.9457435	0.8615277
800	0.7038805	0.5244945	0.0555988	0.8554653	0.7306198
850	0.8313145	0.5072372	0.1152359	0.8828115	0.6149662
900	0.8745330	0.5108939	0.0976694	0.7642791	0.7257779
950	0.8328757	0.4895187	0.1408571	0.7031300	0.7457353
1000	0.5766247	0.5209357	0.1014040	0.8118967	0.6764253

0	0.8306852	0.5072652	0.1479520	0.7359649	0.8079906
50	0.5706015	0.3231114	0.1503229	0.4050692	0.7776506
100	0.5434465	0.4254822	0.1541305	0.3802690	0.6241694
150	0.5609801	0.3248956	0.2393875	0.3325101	0.7344402
200	0.4622079	0.3444213	0.3022137	0.2571036	0.7178141
250	0.5552737	0.2902595	0.4874923	0.2574717	0.7889877
300	0.6020669	0.3515033	0.4241150	0.3034148	0.6455727
350	0.6306974	0.3090152	0.4671580	0.2650624	0.7432578
400	0.5748394	0.3718512	0.3183221	0.2246477	0.7451910
450	0.5958708	0.3473308	0.4433618	0.2175539	0.7327758
500	0.6106503	0.3350123	0.5683965	0.2525508	0.7288296
550	0.5975109	0.4105148	0.4214343	0.6935047	0.6495385
600	0.6759175	0.4017296	0.1738785	0.7387914	0.6519628
650	0.7072984	0.4310970	0.1601028	0.8102596	0.6716822
700	0.8083394	0.4159825	0.0597619	0.7325356	0.7539367
750	0.7542798	0.5104446	0.1047961	0.7702633	0.7116484
800	0.7394870	0.4557077	0.1146124	0.7789112	0.8656464
850	0.7735683	0.3440410	0.1486939	0.6555100	0.7521866
900	0.7806475	0.4931160	0.1742110	0.7930601	0.7936395
950	0.7716539	0.4422759	0.1696540	0.9844700	0.7390349
1000	0.8359659	0.4649668	0.1616990	0.8169078	0.7035698

0	0.7281944	0.4963211	0.1203457	0.7487369	0.7857949
50	0.7806526	0.4936883	0.0442986	0.8302742	0.9378287
100	0.6496507	0.4604335	0.0383820	0.7142853	0.7177502
150	0.5978605	0.4247573	0.0855707	0.6874633	0.7023850
200	0.5347275	0.4333985	0.0680451	0.9077069	0.6499495
250	0.4986354	0.3256222	0.0745759	0.6960015	0.5716683
300	0.4366129	0.2959123	0.1252640	0.7377989	0.6956322
350	0.4697098	0.3982092	0.0381927	0.7893585	0.6337648
400	0.4838235	0.3576104	0.0758853	0.6187178	0.7539068
450	0.6304681	0.4051707	0.0743941	0.5881364	0.6182885
500	0.4995606	0.3584383	0.0606061	0.6929805	0.5671845
550	0.7077328	0.3609488	0.1157223	0.6926554	0.6690947
600	0.7298097	0.3210493	0.1559971	0.7121036	0.6400498
650	0.7426374	0.4108050	0.1209501	0.8129736	0.6224581
700	0.8334732	0.3844056	0.1113714	0.8443784	0.7647019
750	0.6669328	0.4298515	0.1859870	0.8490573	0.6894293
800	0.6942968	0.4464028	0.1523285	0.7847041	0.6430506
850	0.7647759	0.3987379	0.1063379	0.8434008	0.6598310
900	0.7766186	0.3909366	0.1498086	0.8362206	0.9585673
950	0.6906317	0.5731732	0.1142587	0.9058905	0.6388616
1000	0.7946143	0.6311209	0.1155561	0.7915244	0.7448152

0	0.8607347	0.5073436	0.1010339	0.7375409	0.8278030
50	0.6321805	0.4323629	0.1288994	0.4870290	0.7779113
100	0.7319380	0.4084466	0.1706406	0.3934726	0.7511154
150	0.6674349	0.4125783	0.3250650	0.2589647	0.6541702
200	0.9102791	0.5301518	0.2833114	0.2621456	0.7621011
250	0.6460989	0.4089390	0.3697689	0.1995877	0.7502565
300	0.7228597	0.5123167	0.3166890	0.1813643	0.8733776
350	0.6299515	0.4389220	0.4390752	0.3072603	0.7576591
400	0.6854013	0.4262046	0.4080528	0.2056807	0.7187216
450	0.8460740	0.3791815	0.3578040	0.2248734	0.7202664
500	0.7683772	0.4431245	0.4296547	0.2387738	0.5813560
550	0.8161913	0.6200908	0.2820374	0.5045232	0.6264559
600	0.7421031	0.4736319	0.1969925	0.7627018	0.7518723
650	0.8412518	0.4685417	0.1764642	0.8167720	0.6959772
700	0.6968269	0.4428945	0.1219825	0.7821865	0.6755153
750	0.8696795	0.5405975	0.0980577	0.6193769	0.7995330
800	0.8525093	0.4706979	0.1069100	0.6912884	0.6934591
850	0.7971408	0.4849552	0.1039846	0.7890030	0.7180819
900	0.7184397	0.5103129	0.1767456	0.8033057	0.8403839
950	0.7994082	0.3860684	0.1201667	0.6879079	0.8900276
1000	0.7523887	0.3893170	0.1311791	0.7281662	0.7299994

0	0.7173473	0.6045180	0.1024149	0.7936367	0.6460101
50	0.8135673	0.4661551	0.1258607	0.7755972	0.9597593
100	0.7484588	0.5047306	0.1349534	0.7808737	0.7088463
150	0.8059209	0.4805583	0.1015191	0.8242326	0.5841286
200	0.7887975	0.4957119	0.1000391	0.6962744	0.6951735
250	0.6943802	0.4360879	0.0921692	0.8485405	0.7994039
300	0.8087421	0.4347172	0.1518902	0.7879667	0.7231960
350	0.7885732	0.5184875	0.1465351	0.6659898	0.8594887
400	0.7598617	0.5213129	0.1289207	0.6764697	0.8349473
450	0.8497195	0.4170980	0.0850034	0.7990407	0.7244656
500	0.8634409	0.5090095	0.1481171	0.7641871	0.7245392
550	0.7579428	0.5137544	0.0784920	0.7716043	0.7442057
600	0.7603302	0.4980757	0.0952008	0.7568836	0.6432061
650	0.8238983	0.4382200	0.0991664	0.8526889	0.6846495
700	0.8295427	0.5476867	0.0980721	0.7225309	0.7638425
750	0.8483379	0.3939090	0.0818853	0.7365410	0.8093811
800	0.7298040	0.5080899	0.1124992	0.7200104	0.7340204
850	0.7813544	0.4294198	0.1037229	0.6255543	0.6713174
900	0.7896865	0.5057833	0.1403101	0.7965706	0.7737995
950	0.7706768	0.4480149	0.1481013	0.6566899	0.8175524
1000	0.7702815	0.4713158	0.0969500	0.6411320	0.8033793

0	1.0000000	0.5031183	0.1345376	0.7143675	0.7566565
50	0.7928862	0.5234646	0.1918735	0.6625256	0.7992306
100	0.7926805	0.4876817	0.0659350	0.6732077	0.7613262
150	0.7078562	0.5944087	0.1781622	0.7605375	0.7424421
200	0.7279531	0.5936641	0.1600402	0.8263180	0.7588060
250	0.7270252	0.4943773	0.1019458	0.7448946	0.8390866
300	0.7463800	0.4280265	0.0934742	0.8105679	0.6775823
350	0.7417025	0.3885611	0.1368536	0.7282264	0.8137902
400	0.6887456	0.4590682	0.1391734	0.7015820	0.7383291
450	0.7711107	0.4825415	0.1206456	0.7928499	0.6106182
500	0.7242043	0.3726642	0.1252476	0.8447866	0.7818889
550	0.6689551	0.4211166	0.1316077	0.7565807	0.7338726
600	0.8620877	0.4591461	0.0750118	0.9700609	0.6532412
650	0.7320196	0.4760135	0.1126733	0.8134533	0.6953715
700	0.6500369	0.5134260	0.1900762	0.7943236	0.7025490
750	0.8471321	0.4311066	0.1531365	0.6491532	0.6980616
800	0.7835531	0.4663890	0.1708568	0.6933924	0.5991436
850	0.6974807	0.4071160	0.1237862	0.7571372	0.8085607
900	0.7462587	0.4804610	0.1686983	0.7789500	0.6866187
950	0.8417392	0.4818519	0.1014960	0.7059683	0.8234567
1000	0.8894749	0.3918478	0.1163494	0.8450432	0.7628761

0	0.6848664	0.4679675	0.1011351	0.6592625	0.8261837
50	0.8864418	0.4534771	0.1746585	0.8163141	0.7123534
100	0.8586544	0.5419542	0.0928291	0.6690424	0.9081214
150	0.6782309	0.4982463	0.1934671	0.7059543	0.7013407
200	0.7176512	0.5633415	0.1085028	0.7942124	0.8660234
250	0.5944923	0.4785799	0.1132541	0.7186704	0.8242777
300	0.7703433	0.5069289	0.2193719	0.9258254	0.6462516
350	0.7704713	0.4949712	0.1166702	0.8135935	0.8266927
400	0.6767675	0.4480908	0.0988487	0.7384535	0.7850328
450	0.7323967	0.5538937	0.1304292	0.9057564	0.8349041
500	0.7260113	0.4335522	0.1791660	0.7824219	0.7486731
550	0.7652540	0.4390383	0.1033997	0.7511514	0.6159391
600	0.8515835	0.3690749	0.1180452	0.7446584	0.7514559
650	0.7003619	0.5575425	0.1564311	0.7398065	0.7146934
700	0.6794827	0.4651506	0.1249161	0.9186870	0.7708769
750	0.6158380	0.5093336	0.1129521	0.8267233	0.8212440
800	0.7159606	0.4295079	0.1299155	0.7445240	0.7130781
850	0.7371583	0.4134567	0.0828673	0.7441076	0.8513059
900	0.7662655	0.3613939	0.1335004	0.6883988	0.6525971
950	0.7628736	0.3855364	0.1202247	0.7206838	0.7060834
1000	0.7445017	0.4491573	0.0976017	0.8292525	0.5757501

0	0.7034760	0.4390126	0.1274174	0.8630299	0.7525713
50	0.3066577	0.4392653	0.1372009	0.7616219	0.7570076
100	0.2539464	0.1719773	0.1748302	0.6870557	0.6000627
150	0.1664986	0.1004818	0.2895269	0.7250162	0.4306517
200	0.1961443	0.1222394	0.2685756	0.7737659	0.1658863
250	0.1627227	0.0723772	0.3442934	0.7971641	0.1538974
300	0.1104671	0.0440822	0.4419613	0.8265438	0.0843153
350	0.1197919	0.0786961	0.3559670	0.7448762	0.0732520
400	0.1236597	0.1118557	0.2860548	0.7442452	0.0519020
450	0.1271656	0.0613151	0.3763842	0.8038421	0.0750877
500	0.1157463	0.0678600	0.3111768	0.6839758	0.0768028
550	0.5257564	0.1454829	0.1951893	0.9042320	0.3512806
600	0.6548367	0.2515918	0.1301780	0.7279049	0.7095388
650	0.6422234	0.4313844	0.1200271	0.9555610	0.7575137
700	0.6882256	0.4427843	0.1203286	0.6982980	0.7544766
750	0.8654690	0.5151898	0.1116238	0.7259071	0.7192547
800	0.7392683	0.5178309	0.0944692	0.7580526	0.6692888
850	0.7401556	0.4559736	0.1739921	0.8013652	0.7615053
900	0.7281266	0.4999192	0.1278124	0.6308507	0.6310037
950	0.8684150	0.5186571	0.1489706	0.6799906	0.8286198
1000	0.7248690	0.4557344	0.1218471	0.6268064	0.8522259

0	0.9041854	0.4929656	0.1221547	0.8269421	0.7264084
50	0.7133288	0.4631165	0.1566419	0.4202580	0.8882586
100	0.7483503	0.5357338	0.1657560	0.4376716	0.7643831
150	0.7825913	0.5571190	0.2439038	0.4067766	0.6894527
200	0.7001179	0.5740157	0.2583664	0.3106184	0.7606989
250	0.7836404	0.5828389	0.3883236	0.2967929	0.5991847
300	0.6913260	0.5044321	0.2904040	0.3193582	0.6655332
350	0.9552705	0.4310713	0.4056507	0.2722991	0.7429341
400	0.8394981	0.3796849	0.3985962	0.2598015	0.7018558
450	0.8707744	0.4163216	0.4187876	0.2811801	0.7829786
500	0.7579255	0.3609708	0.3734832	0.3062273	0.6333769
550	0.7749687	0.4196231	0.3106606	0.6079286	0.6880604
600	0.7676462	0.5886588	0.1796608	0.6818006	0.6398191
650	0.6781604	0.5825345	0.1217427	0.7564224	0.6579406
700	0.7615121	0.5587546	0.1152918	0.7302508	0.9110060
750	0.8439980	0.5118484	0.1506302	0.6482967	0.6846606
800	0.8123827	0.6406367	0.1158198	0.7407057	0.6456295
850	0.7492333	0.5395866	0.1208506	0.7723043	0.7938134
900	0.7424664	0.4772150	0.1953325	0.6986456	0.8278424
950	0.8746437	0.4791223	0.1299082	0.8469639	0.8322522
1000	0.8954204	0.5817630	0.1489693	0.6916550	0.8462922

0	0.6499241	0.4524723	0.1636792	0.9027838	0.7397187
50	0.7784840	0.4258073	0.1227087	0.6611879	0.8010193
100	0.8128266	0.5311607	0.1513788	0.8015617	0.7312912
150	0.7791961	0.5266014	0.0424837	0.7124535	0.7211400
200	0.8851776	0.5094813	0.1553777	0.6001312	0.7949944
250	0.7605426	0.5483485	0.1475274	0.7139342	0.7635539
300	0.8012549	0.5467701	0.1264360	0.6259560	0.6945928
350	0.7838133	0.5936765	0.1552544	0.6864400	0.6095035
400	0.8023368	0.4851434	0.1856631	0.7108056	0.6523610
450	0.7722199	0.5380699	0.1659826	0.7274826	0.6316530
500	0.7912409	0.4652059	0.1190838	0.7039281	0.6447398
550	0.9087091	0.5609091	0.1298775	0.6718351	0.5835825
600	0.6484399	0.4590258	0.1373631	0.7597681	0.8102260
650	0.8344814	0.4474755	0.1097630	0.7136814	0.7286129
700	0.9553714	0.5422987	0.1228342	0.7671255	0.8245241
750	0.7451331	0.4692460	0.1489389	0.8548246	0.6109913
800	0.9421138	0.4751254	0.1302863	0.7278736	0.7729787
850	0.8317117	0.4442921	0.1479389	0.7757897	0.7263140
900	0.8309965	0.4402998	0.1499336	0.7861702	0.9122805
950	0.6541741	0.4405237	0.1021636	0.8469749	0.6758499
1000	0.8672859	0.4288696	0.1011078	0.7965610	0.5503375
